unique_video_id,split,status,length
train_asd_Subj_1_part_1,train,ok,30
train_asd_Subj_1_part_10,train,ok,30
train_asd_Subj_1_part_100,train,ok,30
train_asd_Subj_1_part_101,train,ok,30
train_asd_Subj_1_part_102,train,ok,30
train_asd_Subj_1_part_103,train,ok,30
train_asd_Subj_1_part_104,train,ok,30
train_asd_Subj_1_part_105,train,ok,30
train_asd_Subj_1_part_106,train,ok,30
train_asd_Subj_1_part_107,train,ok,30
train_asd_Subj_1_part_108,train,ok,30
train_asd_Subj_1_part_109,train,ok,30
train_asd_Subj_1_part_11,train,ok,30
train_asd_Subj_1_part_110,train,ok,30
train_asd_Subj_1_part_111,train,ok,30
train_asd_Subj_1_part_112,train,ok,30
train_asd_Subj_1_part_113,train,ok,30
train_asd_Subj_1_part_114,train,ok,30
train_asd_Subj_1_part_115,train,ok,30
train_asd_Subj_1_part_116,train,ok,30
train_asd_Subj_10_part_1,train,ok,30
train_asd_Subj_10_part_10,train,ok,30
train_asd_Subj_10_part_100,train,ok,30
train_asd_Subj_10_part_101,train,ok,30
train_asd_Subj_10_part_102,train,ok,30
train_asd_Subj_10_part_103,train,ok,30
train_asd_Subj_10_part_104,train,ok,30
train_asd_Subj_10_part_105,train,ok,30
train_asd_Subj_10_part_106,train,ok,30
train_asd_Subj_10_part_107,train,ok,30
train_asd_Subj_10_part_108,train,ok,30
train_asd_Subj_10_part_109,train,ok,30
train_asd_Subj_10_part_11,train,ok,30
train_asd_Subj_10_part_110,train,ok,30
train_asd_Subj_10_part_111,train,ok,30
train_asd_Subj_10_part_112,train,ok,30
train_asd_Subj_10_part_113,train,ok,30
train_asd_Subj_10_part_114,train,ok,30
train_asd_Subj_10_part_115,train,ok,30
train_asd_Subj_10_part_116,train,ok,30
train_asd_Subj_11_part_1,train,ok,30
train_asd_Subj_11_part_10,train,ok,30
train_asd_Subj_11_part_100,train,ok,30
train_asd_Subj_11_part_101,train,ok,30
train_asd_Subj_11_part_102,train,ok,30
train_asd_Subj_11_part_103,train,ok,30
train_asd_Subj_11_part_104,train,ok,30
train_asd_Subj_11_part_105,train,ok,30
train_asd_Subj_11_part_106,train,ok,30
train_asd_Subj_11_part_107,train,ok,30
train_asd_Subj_11_part_108,train,ok,30
train_asd_Subj_11_part_109,train,ok,30
train_asd_Subj_11_part_11,train,ok,30
train_asd_Subj_11_part_110,train,ok,30
train_asd_Subj_11_part_111,train,ok,30
train_asd_Subj_11_part_112,train,ok,30
train_asd_Subj_11_part_113,train,ok,30
train_asd_Subj_11_part_114,train,ok,30
train_asd_Subj_11_part_115,train,ok,30
train_asd_Subj_11_part_116,train,ok,30
train_asd_Subj_12_part_1,train,ok,30
train_asd_Subj_12_part_10,train,ok,30
train_asd_Subj_12_part_100,train,ok,30
train_asd_Subj_12_part_101,train,ok,30
train_asd_Subj_12_part_102,train,ok,30
train_asd_Subj_12_part_103,train,ok,30
train_asd_Subj_12_part_104,train,ok,30
train_asd_Subj_12_part_105,train,ok,30
train_asd_Subj_12_part_106,train,ok,30
train_asd_Subj_12_part_107,train,ok,30
train_asd_Subj_12_part_108,train,ok,30
train_asd_Subj_12_part_109,train,ok,30
train_asd_Subj_12_part_11,train,ok,30
train_asd_Subj_12_part_110,train,ok,30
train_asd_Subj_12_part_111,train,ok,30
train_asd_Subj_12_part_112,train,ok,30
train_asd_Subj_12_part_113,train,ok,30
train_asd_Subj_12_part_114,train,ok,30
train_asd_Subj_12_part_115,train,ok,30
train_asd_Subj_12_part_116,train,ok,30
train_asd_Subj_13_part_1,train,ok,30
train_asd_Subj_13_part_10,train,ok,30
train_asd_Subj_13_part_100,train,ok,30
train_asd_Subj_13_part_101,train,ok,30
train_asd_Subj_13_part_102,train,ok,30
train_asd_Subj_13_part_103,train,ok,30
train_asd_Subj_13_part_104,train,ok,30
train_asd_Subj_13_part_105,train,ok,30
train_asd_Subj_13_part_106,train,ok,30
train_asd_Subj_13_part_107,train,ok,30
train_asd_Subj_13_part_108,train,ok,30
train_asd_Subj_13_part_109,train,ok,30
train_asd_Subj_13_part_11,train,ok,30
train_asd_Subj_13_part_110,train,ok,30
train_asd_Subj_13_part_111,train,ok,30
train_asd_Subj_13_part_112,train,ok,30
train_asd_Subj_13_part_113,train,ok,30
train_asd_Subj_13_part_114,train,ok,30
train_asd_Subj_13_part_115,train,ok,30
train_asd_Subj_13_part_116,train,ok,30
train_asd_Subj_14_part_1,train,ok,30
train_asd_Subj_14_part_10,train,ok,30
train_asd_Subj_14_part_100,train,ok,30
train_asd_Subj_14_part_101,train,ok,30
train_asd_Subj_14_part_102,train,ok,30
train_asd_Subj_14_part_103,train,ok,30
train_asd_Subj_14_part_104,train,ok,30
train_asd_Subj_14_part_105,train,ok,30
train_asd_Subj_14_part_106,train,ok,30
train_asd_Subj_14_part_107,train,ok,30
train_asd_Subj_14_part_108,train,ok,30
train_asd_Subj_14_part_109,train,ok,30
train_asd_Subj_14_part_11,train,ok,30
train_asd_Subj_14_part_110,train,ok,30
train_asd_Subj_14_part_111,train,ok,30
train_asd_Subj_14_part_112,train,ok,30
train_asd_Subj_14_part_113,train,ok,30
train_asd_Subj_14_part_114,train,ok,30
train_asd_Subj_14_part_115,train,ok,30
train_asd_Subj_14_part_116,train,ok,30
train_asd_Subj_15_part_1,train,ok,30
train_asd_Subj_15_part_10,train,ok,30
train_asd_Subj_15_part_100,train,ok,30
train_asd_Subj_15_part_101,train,ok,30
train_asd_Subj_15_part_102,train,ok,30
train_asd_Subj_15_part_103,train,ok,30
train_asd_Subj_15_part_104,train,ok,30
train_asd_Subj_15_part_105,train,ok,30
train_asd_Subj_15_part_106,train,ok,30
train_asd_Subj_15_part_107,train,ok,30
train_asd_Subj_15_part_108,train,ok,30
train_asd_Subj_15_part_109,train,ok,30
train_asd_Subj_15_part_11,train,ok,30
train_asd_Subj_15_part_110,train,ok,30
train_asd_Subj_15_part_111,train,ok,30
train_asd_Subj_15_part_112,train,ok,30
train_asd_Subj_15_part_113,train,ok,30
train_asd_Subj_15_part_114,train,ok,30
train_asd_Subj_15_part_115,train,ok,30
train_asd_Subj_15_part_116,train,ok,30
train_asd_Subj_16_part_1,train,ok,30
train_asd_Subj_16_part_10,train,ok,30
train_asd_Subj_16_part_100,train,ok,30
train_asd_Subj_16_part_101,train,ok,30
train_asd_Subj_16_part_102,train,ok,30
train_asd_Subj_16_part_103,train,ok,30
train_asd_Subj_16_part_104,train,ok,30
train_asd_Subj_16_part_105,train,ok,30
train_asd_Subj_16_part_106,train,ok,30
train_asd_Subj_16_part_107,train,ok,30
train_asd_Subj_16_part_108,train,ok,30
train_asd_Subj_16_part_109,train,ok,30
train_asd_Subj_16_part_11,train,ok,30
train_asd_Subj_16_part_110,train,ok,30
train_asd_Subj_16_part_111,train,ok,30
train_asd_Subj_16_part_112,train,ok,30
train_asd_Subj_16_part_113,train,ok,30
train_asd_Subj_16_part_114,train,ok,30
train_asd_Subj_16_part_115,train,ok,30
train_asd_Subj_16_part_116,train,ok,30
train_asd_Subj_17_part_1,train,ok,30
train_asd_Subj_17_part_10,train,ok,30
train_asd_Subj_17_part_100,train,ok,30
train_asd_Subj_17_part_101,train,ok,30
train_asd_Subj_17_part_102,train,ok,30
train_asd_Subj_17_part_103,train,ok,30
train_asd_Subj_17_part_104,train,ok,30
train_asd_Subj_17_part_105,train,ok,30
train_asd_Subj_17_part_106,train,ok,30
train_asd_Subj_17_part_107,train,ok,30
train_asd_Subj_17_part_108,train,ok,30
train_asd_Subj_17_part_109,train,ok,30
train_asd_Subj_17_part_11,train,ok,30
train_asd_Subj_17_part_110,train,ok,30
train_asd_Subj_17_part_111,train,ok,30
train_asd_Subj_17_part_112,train,ok,30
train_asd_Subj_17_part_113,train,ok,30
train_asd_Subj_17_part_114,train,ok,30
train_asd_Subj_17_part_115,train,ok,30
train_asd_Subj_17_part_116,train,ok,30
train_asd_Subj_18_part_1,train,ok,30
train_asd_Subj_18_part_10,train,ok,30
train_asd_Subj_18_part_100,train,ok,30
train_asd_Subj_18_part_101,train,ok,30
train_asd_Subj_18_part_102,train,ok,30
train_asd_Subj_18_part_103,train,ok,30
train_asd_Subj_18_part_104,train,ok,30
train_asd_Subj_18_part_105,train,ok,30
train_asd_Subj_18_part_106,train,ok,30
train_asd_Subj_18_part_107,train,ok,30
train_asd_Subj_18_part_108,train,ok,30
train_asd_Subj_18_part_109,train,ok,30
train_asd_Subj_18_part_11,train,ok,30
train_asd_Subj_18_part_110,train,ok,30
train_asd_Subj_18_part_111,train,ok,30
train_asd_Subj_18_part_112,train,ok,30
train_asd_Subj_18_part_113,train,ok,30
train_asd_Subj_18_part_114,train,ok,30
train_asd_Subj_18_part_115,train,ok,30
train_asd_Subj_18_part_116,train,ok,30
train_asd_Subj_19_part_1,train,ok,30
train_asd_Subj_19_part_10,train,ok,30
train_asd_Subj_19_part_100,train,ok,30
train_asd_Subj_19_part_101,train,ok,30
train_asd_Subj_19_part_102,train,ok,30
train_asd_Subj_19_part_103,train,ok,30
train_asd_Subj_19_part_104,train,ok,30
train_asd_Subj_19_part_105,train,ok,30
train_asd_Subj_19_part_106,train,ok,30
train_asd_Subj_19_part_107,train,ok,30
train_asd_Subj_19_part_108,train,ok,30
train_asd_Subj_19_part_109,train,ok,30
train_asd_Subj_19_part_11,train,ok,30
train_asd_Subj_19_part_110,train,ok,30
train_asd_Subj_19_part_111,train,ok,30
train_asd_Subj_19_part_112,train,ok,30
train_asd_Subj_19_part_113,train,ok,30
train_asd_Subj_19_part_114,train,ok,30
train_asd_Subj_19_part_115,train,ok,30
train_asd_Subj_19_part_116,train,ok,30
train_asd_Subj_2_part_1,train,ok,30
train_asd_Subj_2_part_10,train,ok,30
train_asd_Subj_2_part_100,train,ok,30
train_asd_Subj_2_part_101,train,ok,30
train_asd_Subj_2_part_102,train,ok,30
train_asd_Subj_2_part_103,train,ok,30
train_asd_Subj_2_part_104,train,ok,30
train_asd_Subj_2_part_105,train,ok,30
train_asd_Subj_2_part_106,train,ok,30
train_asd_Subj_2_part_107,train,ok,30
train_asd_Subj_2_part_108,train,ok,30
train_asd_Subj_2_part_109,train,ok,30
train_asd_Subj_2_part_110,train,ok,30
train_asd_Subj_2_part_111,train,ok,30
train_asd_Subj_2_part_112,train,ok,30
train_asd_Subj_2_part_113,train,ok,30
train_asd_Subj_2_part_114,train,ok,30
train_asd_Subj_2_part_115,train,ok,30
train_asd_Subj_2_part_116,train,ok,30
train_asd_Subj_2_part_117,train,ok,30
train_asd_Subj_20_part_1,train,ok,30
train_asd_Subj_20_part_10,train,ok,30
train_asd_Subj_20_part_100,train,ok,30
train_asd_Subj_20_part_101,train,ok,30
train_asd_Subj_20_part_102,train,ok,30
train_asd_Subj_20_part_103,train,ok,30
train_asd_Subj_20_part_104,train,ok,30
train_asd_Subj_20_part_105,train,ok,30
train_asd_Subj_20_part_106,train,ok,30
train_asd_Subj_20_part_107,train,ok,30
train_asd_Subj_20_part_108,train,ok,30
train_asd_Subj_20_part_109,train,ok,30
train_asd_Subj_20_part_11,train,ok,30
train_asd_Subj_20_part_110,train,ok,30
train_asd_Subj_20_part_111,train,ok,30
train_asd_Subj_20_part_112,train,ok,30
train_asd_Subj_20_part_113,train,ok,30
train_asd_Subj_20_part_114,train,ok,30
train_asd_Subj_20_part_115,train,ok,30
train_asd_Subj_20_part_116,train,ok,30
train_asd_Subj_21_part_1,train,ok,30
train_asd_Subj_21_part_10,train,ok,30
train_asd_Subj_21_part_100,train,ok,30
train_asd_Subj_21_part_101,train,ok,30
train_asd_Subj_21_part_102,train,ok,30
train_asd_Subj_21_part_103,train,ok,30
train_asd_Subj_21_part_104,train,ok,30
train_asd_Subj_21_part_105,train,ok,30
train_asd_Subj_21_part_106,train,ok,30
train_asd_Subj_21_part_107,train,ok,30
train_asd_Subj_21_part_108,train,ok,30
train_asd_Subj_21_part_109,train,ok,30
train_asd_Subj_21_part_11,train,ok,30
train_asd_Subj_21_part_110,train,ok,30
train_asd_Subj_21_part_111,train,ok,30
train_asd_Subj_21_part_112,train,ok,30
train_asd_Subj_21_part_113,train,ok,30
train_asd_Subj_21_part_114,train,ok,30
train_asd_Subj_21_part_115,train,ok,30
train_asd_Subj_21_part_116,train,ok,30
train_asd_Subj_22_part_1,train,ok,30
train_asd_Subj_22_part_10,train,ok,30
train_asd_Subj_22_part_100,train,ok,30
train_asd_Subj_22_part_101,train,ok,30
train_asd_Subj_22_part_102,train,ok,30
train_asd_Subj_22_part_103,train,ok,30
train_asd_Subj_22_part_104,train,ok,30
train_asd_Subj_22_part_105,train,ok,30
train_asd_Subj_22_part_106,train,ok,30
train_asd_Subj_22_part_107,train,ok,30
train_asd_Subj_22_part_108,train,ok,30
train_asd_Subj_22_part_109,train,ok,30
train_asd_Subj_22_part_11,train,ok,30
train_asd_Subj_22_part_110,train,ok,30
train_asd_Subj_22_part_111,train,ok,30
train_asd_Subj_22_part_112,train,ok,30
train_asd_Subj_22_part_113,train,ok,30
train_asd_Subj_22_part_114,train,ok,30
train_asd_Subj_22_part_115,train,ok,30
train_asd_Subj_22_part_116,train,ok,30
train_asd_Subj_23_part_1,train,ok,30
train_asd_Subj_23_part_10,train,ok,30
train_asd_Subj_23_part_100,train,ok,30
train_asd_Subj_23_part_101,train,ok,30
train_asd_Subj_23_part_102,train,ok,30
train_asd_Subj_23_part_103,train,ok,30
train_asd_Subj_23_part_104,train,ok,30
train_asd_Subj_23_part_105,train,ok,30
train_asd_Subj_23_part_106,train,ok,30
train_asd_Subj_23_part_107,train,ok,30
train_asd_Subj_23_part_108,train,ok,30
train_asd_Subj_23_part_109,train,ok,30
train_asd_Subj_23_part_11,train,ok,30
train_asd_Subj_23_part_110,train,ok,30
train_asd_Subj_23_part_111,train,ok,30
train_asd_Subj_23_part_112,train,ok,30
train_asd_Subj_23_part_113,train,ok,30
train_asd_Subj_23_part_114,train,ok,30
train_asd_Subj_23_part_115,train,ok,30
train_asd_Subj_23_part_116,train,ok,30
train_asd_Subj_24_part_1,train,ok,30
train_asd_Subj_24_part_10,train,ok,30
train_asd_Subj_24_part_100,train,ok,30
train_asd_Subj_24_part_101,train,ok,30
train_asd_Subj_24_part_102,train,ok,30
train_asd_Subj_24_part_103,train,ok,30
train_asd_Subj_24_part_104,train,ok,30
train_asd_Subj_24_part_105,train,ok,30
train_asd_Subj_24_part_106,train,ok,30
train_asd_Subj_24_part_107,train,ok,30
train_asd_Subj_24_part_108,train,ok,30
train_asd_Subj_24_part_109,train,ok,30
train_asd_Subj_24_part_11,train,ok,30
train_asd_Subj_24_part_110,train,ok,30
train_asd_Subj_24_part_111,train,ok,30
train_asd_Subj_24_part_112,train,ok,30
train_asd_Subj_24_part_113,train,ok,30
train_asd_Subj_24_part_114,train,ok,30
train_asd_Subj_24_part_115,train,ok,30
train_asd_Subj_24_part_116,train,ok,30
train_asd_Subj_25_part_1,train,ok,30
train_asd_Subj_25_part_10,train,ok,30
train_asd_Subj_25_part_100,train,ok,30
train_asd_Subj_25_part_101,train,ok,30
train_asd_Subj_25_part_102,train,ok,30
train_asd_Subj_25_part_103,train,ok,30
train_asd_Subj_25_part_104,train,ok,30
train_asd_Subj_25_part_105,train,ok,30
train_asd_Subj_25_part_106,train,ok,30
train_asd_Subj_25_part_107,train,ok,30
train_asd_Subj_25_part_108,train,ok,30
train_asd_Subj_25_part_109,train,ok,30
train_asd_Subj_25_part_11,train,ok,30
train_asd_Subj_25_part_110,train,ok,30
train_asd_Subj_25_part_111,train,ok,30
train_asd_Subj_25_part_112,train,ok,30
train_asd_Subj_25_part_113,train,ok,30
train_asd_Subj_25_part_114,train,ok,30
train_asd_Subj_25_part_115,train,ok,30
train_asd_Subj_25_part_116,train,ok,30
train_asd_Subj_26_part_1,train,ok,30
train_asd_Subj_26_part_10,train,ok,30
train_asd_Subj_26_part_100,train,ok,30
train_asd_Subj_26_part_101,train,ok,30
train_asd_Subj_26_part_102,train,ok,30
train_asd_Subj_26_part_103,train,ok,30
train_asd_Subj_26_part_104,train,ok,30
train_asd_Subj_26_part_105,train,ok,30
train_asd_Subj_26_part_106,train,ok,30
train_asd_Subj_26_part_107,train,ok,30
train_asd_Subj_26_part_108,train,ok,30
train_asd_Subj_26_part_109,train,ok,30
train_asd_Subj_26_part_11,train,ok,30
train_asd_Subj_26_part_110,train,ok,30
train_asd_Subj_26_part_111,train,ok,30
train_asd_Subj_26_part_112,train,ok,30
train_asd_Subj_26_part_113,train,ok,30
train_asd_Subj_26_part_114,train,ok,30
train_asd_Subj_26_part_115,train,ok,30
train_asd_Subj_26_part_116,train,ok,30
train_asd_Subj_27_part_1,train,ok,30
train_asd_Subj_27_part_10,train,ok,30
train_asd_Subj_27_part_100,train,ok,30
train_asd_Subj_27_part_101,train,ok,30
train_asd_Subj_27_part_102,train,ok,30
train_asd_Subj_27_part_103,train,ok,30
train_asd_Subj_27_part_104,train,ok,30
train_asd_Subj_27_part_105,train,ok,30
train_asd_Subj_27_part_106,train,ok,30
train_asd_Subj_27_part_107,train,ok,30
train_asd_Subj_27_part_108,train,ok,30
train_asd_Subj_27_part_109,train,ok,30
train_asd_Subj_27_part_11,train,ok,30
train_asd_Subj_27_part_110,train,ok,30
train_asd_Subj_27_part_111,train,ok,30
train_asd_Subj_27_part_112,train,ok,30
train_asd_Subj_27_part_113,train,ok,30
train_asd_Subj_27_part_114,train,ok,30
train_asd_Subj_27_part_115,train,ok,30
train_asd_Subj_27_part_116,train,ok,30
train_asd_Subj_28_part_1,train,ok,30
train_asd_Subj_28_part_10,train,ok,30
train_asd_Subj_28_part_100,train,ok,30
train_asd_Subj_28_part_101,train,ok,30
train_asd_Subj_28_part_102,train,ok,30
train_asd_Subj_28_part_103,train,ok,30
train_asd_Subj_28_part_104,train,ok,30
train_asd_Subj_28_part_105,train,ok,30
train_asd_Subj_28_part_106,train,ok,30
train_asd_Subj_28_part_107,train,ok,30
train_asd_Subj_28_part_108,train,ok,30
train_asd_Subj_28_part_109,train,ok,30
train_asd_Subj_28_part_11,train,ok,30
train_asd_Subj_28_part_110,train,ok,30
train_asd_Subj_28_part_111,train,ok,30
train_asd_Subj_28_part_112,train,ok,30
train_asd_Subj_28_part_113,train,ok,30
train_asd_Subj_28_part_114,train,ok,30
train_asd_Subj_28_part_115,train,ok,30
train_asd_Subj_28_part_116,train,ok,30
train_asd_Subj_29_part_1,train,ok,30
train_asd_Subj_29_part_10,train,ok,30
train_asd_Subj_29_part_100,train,ok,30
train_asd_Subj_29_part_101,train,ok,30
train_asd_Subj_29_part_102,train,ok,30
train_asd_Subj_29_part_103,train,ok,30
train_asd_Subj_29_part_104,train,ok,30
train_asd_Subj_29_part_105,train,ok,30
train_asd_Subj_29_part_106,train,ok,30
train_asd_Subj_29_part_107,train,ok,30
train_asd_Subj_29_part_108,train,ok,30
train_asd_Subj_29_part_109,train,ok,30
train_asd_Subj_29_part_11,train,ok,30
train_asd_Subj_29_part_110,train,ok,30
train_asd_Subj_29_part_111,train,ok,30
train_asd_Subj_29_part_112,train,ok,30
train_asd_Subj_29_part_113,train,ok,30
train_asd_Subj_29_part_114,train,ok,30
train_asd_Subj_29_part_115,train,ok,30
train_asd_Subj_29_part_116,train,ok,30
train_asd_Subj_3_part_1,train,ok,30
train_asd_Subj_3_part_10,train,ok,30
train_asd_Subj_3_part_100,train,ok,30
train_asd_Subj_3_part_101,train,ok,30
train_asd_Subj_3_part_102,train,ok,30
train_asd_Subj_3_part_103,train,ok,30
train_asd_Subj_3_part_104,train,ok,30
train_asd_Subj_3_part_105,train,ok,30
train_asd_Subj_3_part_106,train,ok,30
train_asd_Subj_3_part_107,train,ok,30
train_asd_Subj_3_part_108,train,ok,30
train_asd_Subj_3_part_109,train,ok,30
train_asd_Subj_3_part_11,train,ok,30
train_asd_Subj_3_part_110,train,ok,30
train_asd_Subj_3_part_111,train,ok,30
train_asd_Subj_3_part_112,train,ok,30
train_asd_Subj_3_part_113,train,ok,30
train_asd_Subj_3_part_114,train,ok,30
train_asd_Subj_3_part_115,train,ok,30
train_asd_Subj_3_part_116,train,ok,30
train_asd_Subj_30_part_1,train,ok,30
train_asd_Subj_30_part_10,train,ok,30
train_asd_Subj_30_part_100,train,ok,30
train_asd_Subj_30_part_101,train,ok,30
train_asd_Subj_30_part_102,train,ok,30
train_asd_Subj_30_part_103,train,ok,30
train_asd_Subj_30_part_104,train,ok,30
train_asd_Subj_30_part_105,train,ok,30
train_asd_Subj_30_part_106,train,ok,30
train_asd_Subj_30_part_107,train,ok,30
train_asd_Subj_30_part_108,train,ok,30
train_asd_Subj_30_part_109,train,ok,30
train_asd_Subj_30_part_11,train,ok,30
train_asd_Subj_30_part_110,train,ok,30
train_asd_Subj_30_part_111,train,ok,30
train_asd_Subj_30_part_112,train,ok,30
train_asd_Subj_30_part_113,train,ok,30
train_asd_Subj_30_part_114,train,ok,30
train_asd_Subj_30_part_115,train,ok,30
train_asd_Subj_30_part_116,train,ok,30
train_asd_Subj_31_part_1,train,ok,30
train_asd_Subj_31_part_10,train,ok,30
train_asd_Subj_31_part_100,train,ok,30
train_asd_Subj_31_part_101,train,ok,30
train_asd_Subj_31_part_102,train,ok,30
train_asd_Subj_31_part_103,train,ok,30
train_asd_Subj_31_part_104,train,ok,30
train_asd_Subj_31_part_105,train,ok,30
train_asd_Subj_31_part_106,train,ok,30
train_asd_Subj_31_part_107,train,ok,30
train_asd_Subj_31_part_108,train,ok,30
train_asd_Subj_31_part_109,train,ok,30
train_asd_Subj_31_part_11,train,ok,30
train_asd_Subj_31_part_110,train,ok,30
train_asd_Subj_31_part_111,train,ok,30
train_asd_Subj_31_part_112,train,ok,30
train_asd_Subj_31_part_113,train,ok,30
train_asd_Subj_31_part_114,train,ok,30
train_asd_Subj_31_part_115,train,ok,30
train_asd_Subj_31_part_116,train,ok,30
train_asd_Subj_32_part_1,train,ok,30
train_asd_Subj_32_part_10,train,ok,30
train_asd_Subj_32_part_100,train,ok,30
train_asd_Subj_32_part_101,train,ok,30
train_asd_Subj_32_part_102,train,ok,30
train_asd_Subj_32_part_103,train,ok,30
train_asd_Subj_32_part_104,train,ok,30
train_asd_Subj_32_part_105,train,ok,30
train_asd_Subj_32_part_106,train,ok,30
train_asd_Subj_32_part_107,train,ok,30
train_asd_Subj_32_part_108,train,ok,30
train_asd_Subj_32_part_109,train,ok,30
train_asd_Subj_32_part_11,train,ok,30
train_asd_Subj_32_part_110,train,ok,30
train_asd_Subj_32_part_111,train,ok,30
train_asd_Subj_32_part_112,train,ok,30
train_asd_Subj_32_part_113,train,ok,30
train_asd_Subj_32_part_114,train,ok,30
train_asd_Subj_32_part_115,train,ok,30
train_asd_Subj_32_part_116,train,ok,30
train_asd_Subj_33_part_1,train,ok,30
train_asd_Subj_33_part_10,train,ok,30
train_asd_Subj_33_part_100,train,ok,30
train_asd_Subj_33_part_101,train,ok,30
train_asd_Subj_33_part_102,train,ok,30
train_asd_Subj_33_part_103,train,ok,30
train_asd_Subj_33_part_104,train,ok,30
train_asd_Subj_33_part_105,train,ok,30
train_asd_Subj_33_part_106,train,ok,30
train_asd_Subj_33_part_107,train,ok,30
train_asd_Subj_33_part_108,train,ok,30
train_asd_Subj_33_part_109,train,ok,30
train_asd_Subj_33_part_11,train,ok,30
train_asd_Subj_33_part_110,train,ok,30
train_asd_Subj_33_part_111,train,ok,30
train_asd_Subj_33_part_112,train,ok,30
train_asd_Subj_33_part_113,train,ok,30
train_asd_Subj_33_part_114,train,ok,30
train_asd_Subj_33_part_115,train,ok,30
train_asd_Subj_33_part_116,train,ok,30
train_asd_Subj_34_part_1,train,ok,30
train_asd_Subj_34_part_10,train,ok,30
train_asd_Subj_34_part_100,train,ok,30
train_asd_Subj_34_part_101,train,ok,30
train_asd_Subj_34_part_102,train,ok,30
train_asd_Subj_34_part_103,train,ok,30
train_asd_Subj_34_part_104,train,ok,30
train_asd_Subj_34_part_105,train,ok,30
train_asd_Subj_34_part_106,train,ok,30
train_asd_Subj_34_part_107,train,ok,30
train_asd_Subj_34_part_108,train,ok,30
train_asd_Subj_34_part_109,train,ok,30
train_asd_Subj_34_part_11,train,ok,30
train_asd_Subj_34_part_110,train,ok,30
train_asd_Subj_34_part_111,train,ok,30
train_asd_Subj_34_part_112,train,ok,30
train_asd_Subj_34_part_113,train,ok,30
train_asd_Subj_34_part_114,train,ok,30
train_asd_Subj_34_part_115,train,ok,30
train_asd_Subj_34_part_116,train,ok,30
train_asd_Subj_35_part_1,train,ok,30
train_asd_Subj_35_part_10,train,ok,30
train_asd_Subj_35_part_100,train,ok,30
train_asd_Subj_35_part_101,train,ok,30
train_asd_Subj_35_part_102,train,ok,30
train_asd_Subj_35_part_103,train,ok,30
train_asd_Subj_35_part_104,train,ok,30
train_asd_Subj_35_part_105,train,ok,30
train_asd_Subj_35_part_106,train,ok,30
train_asd_Subj_35_part_107,train,ok,30
train_asd_Subj_35_part_108,train,ok,30
train_asd_Subj_35_part_109,train,ok,30
train_asd_Subj_35_part_11,train,ok,30
train_asd_Subj_35_part_110,train,ok,30
train_asd_Subj_35_part_111,train,ok,30
train_asd_Subj_35_part_112,train,ok,30
train_asd_Subj_35_part_113,train,ok,30
train_asd_Subj_35_part_114,train,ok,30
train_asd_Subj_35_part_115,train,ok,30
train_asd_Subj_35_part_116,train,ok,30
train_asd_Subj_36_part_1,train,ok,30
train_asd_Subj_36_part_10,train,ok,30
train_asd_Subj_36_part_100,train,ok,30
train_asd_Subj_36_part_101,train,ok,30
train_asd_Subj_36_part_102,train,ok,30
train_asd_Subj_36_part_103,train,ok,30
train_asd_Subj_36_part_104,train,ok,30
train_asd_Subj_36_part_105,train,ok,30
train_asd_Subj_36_part_106,train,ok,30
train_asd_Subj_36_part_107,train,ok,30
train_asd_Subj_36_part_108,train,ok,30
train_asd_Subj_36_part_109,train,ok,30
train_asd_Subj_36_part_11,train,ok,30
train_asd_Subj_36_part_110,train,ok,30
train_asd_Subj_36_part_111,train,ok,30
train_asd_Subj_36_part_112,train,ok,30
train_asd_Subj_36_part_113,train,ok,30
train_asd_Subj_36_part_114,train,ok,30
train_asd_Subj_36_part_115,train,ok,30
train_asd_Subj_36_part_116,train,ok,30
train_asd_Subj_37_part_1,train,ok,30
train_asd_Subj_37_part_10,train,ok,30
train_asd_Subj_37_part_100,train,ok,30
train_asd_Subj_37_part_101,train,ok,30
train_asd_Subj_37_part_102,train,ok,30
train_asd_Subj_37_part_103,train,ok,30
train_asd_Subj_37_part_104,train,ok,30
train_asd_Subj_37_part_105,train,ok,30
train_asd_Subj_37_part_106,train,ok,30
train_asd_Subj_37_part_107,train,ok,30
train_asd_Subj_37_part_108,train,ok,30
train_asd_Subj_37_part_109,train,ok,30
train_asd_Subj_37_part_11,train,ok,30
train_asd_Subj_37_part_110,train,ok,30
train_asd_Subj_37_part_111,train,ok,30
train_asd_Subj_37_part_112,train,ok,30
train_asd_Subj_37_part_113,train,ok,30
train_asd_Subj_37_part_114,train,ok,30
train_asd_Subj_37_part_115,train,ok,30
train_asd_Subj_37_part_116,train,ok,30
train_asd_Subj_38_part_1,train,ok,30
train_asd_Subj_38_part_10,train,ok,30
train_asd_Subj_38_part_100,train,ok,30
train_asd_Subj_38_part_101,train,ok,30
train_asd_Subj_38_part_102,train,ok,30
train_asd_Subj_38_part_103,train,ok,30
train_asd_Subj_38_part_104,train,ok,30
train_asd_Subj_38_part_105,train,ok,30
train_asd_Subj_38_part_106,train,ok,30
train_asd_Subj_38_part_107,train,ok,30
train_asd_Subj_38_part_108,train,ok,30
train_asd_Subj_38_part_109,train,ok,30
train_asd_Subj_38_part_11,train,ok,30
train_asd_Subj_38_part_110,train,ok,30
train_asd_Subj_38_part_111,train,ok,30
train_asd_Subj_38_part_112,train,ok,30
train_asd_Subj_38_part_113,train,ok,30
train_asd_Subj_38_part_114,train,ok,30
train_asd_Subj_38_part_115,train,ok,30
train_asd_Subj_38_part_116,train,ok,30
train_asd_Subj_39_part_1,train,ok,30
train_asd_Subj_39_part_10,train,ok,30
train_asd_Subj_39_part_100,train,ok,30
train_asd_Subj_39_part_101,train,ok,30
train_asd_Subj_39_part_102,train,ok,30
train_asd_Subj_39_part_103,train,ok,30
train_asd_Subj_39_part_104,train,ok,30
train_asd_Subj_39_part_105,train,ok,30
train_asd_Subj_39_part_106,train,ok,30
train_asd_Subj_39_part_107,train,ok,30
train_asd_Subj_39_part_108,train,ok,30
train_asd_Subj_39_part_109,train,ok,30
train_asd_Subj_39_part_11,train,ok,30
train_asd_Subj_39_part_110,train,ok,30
train_asd_Subj_39_part_111,train,ok,30
train_asd_Subj_39_part_112,train,ok,30
train_asd_Subj_39_part_113,train,ok,30
train_asd_Subj_39_part_114,train,ok,30
train_asd_Subj_39_part_115,train,ok,30
train_asd_Subj_39_part_116,train,ok,30
train_asd_Subj_4_part_1,train,ok,30
train_asd_Subj_4_part_10,train,ok,30
train_asd_Subj_4_part_100,train,ok,30
train_asd_Subj_4_part_101,train,ok,30
train_asd_Subj_4_part_102,train,ok,30
train_asd_Subj_4_part_103,train,ok,30
train_asd_Subj_4_part_104,train,ok,30
train_asd_Subj_4_part_105,train,ok,30
train_asd_Subj_4_part_106,train,ok,30
train_asd_Subj_4_part_107,train,ok,30
train_asd_Subj_4_part_108,train,ok,30
train_asd_Subj_4_part_109,train,ok,30
train_asd_Subj_4_part_11,train,ok,30
train_asd_Subj_4_part_110,train,ok,30
train_asd_Subj_4_part_111,train,ok,30
train_asd_Subj_4_part_112,train,ok,30
train_asd_Subj_4_part_113,train,ok,30
train_asd_Subj_4_part_114,train,ok,30
train_asd_Subj_4_part_115,train,ok,30
train_asd_Subj_4_part_116,train,ok,30
train_asd_Subj_40_part_1,train,ok,30
train_asd_Subj_40_part_10,train,ok,30
train_asd_Subj_40_part_100,train,ok,30
train_asd_Subj_40_part_101,train,ok,30
train_asd_Subj_40_part_102,train,ok,30
train_asd_Subj_40_part_103,train,ok,30
train_asd_Subj_40_part_104,train,ok,30
train_asd_Subj_40_part_105,train,ok,30
train_asd_Subj_40_part_106,train,ok,30
train_asd_Subj_40_part_107,train,ok,30
train_asd_Subj_40_part_108,train,ok,30
train_asd_Subj_40_part_109,train,ok,30
train_asd_Subj_40_part_11,train,ok,30
train_asd_Subj_40_part_110,train,ok,30
train_asd_Subj_40_part_111,train,ok,30
train_asd_Subj_40_part_112,train,ok,30
train_asd_Subj_40_part_113,train,ok,30
train_asd_Subj_40_part_114,train,ok,30
train_asd_Subj_40_part_115,train,ok,30
train_asd_Subj_40_part_116,train,ok,30
train_asd_Subj_5_part_1,train,ok,30
train_asd_Subj_5_part_10,train,ok,30
train_asd_Subj_5_part_100,train,ok,30
train_asd_Subj_5_part_101,train,ok,30
train_asd_Subj_5_part_102,train,ok,30
train_asd_Subj_5_part_103,train,ok,30
train_asd_Subj_5_part_104,train,ok,30
train_asd_Subj_5_part_105,train,ok,30
train_asd_Subj_5_part_106,train,ok,30
train_asd_Subj_5_part_107,train,ok,30
train_asd_Subj_5_part_108,train,ok,30
train_asd_Subj_5_part_109,train,ok,30
train_asd_Subj_5_part_11,train,ok,30
train_asd_Subj_5_part_110,train,ok,30
train_asd_Subj_5_part_111,train,ok,30
train_asd_Subj_5_part_112,train,ok,30
train_asd_Subj_5_part_113,train,ok,30
train_asd_Subj_5_part_114,train,ok,30
train_asd_Subj_5_part_115,train,ok,30
train_asd_Subj_5_part_116,train,ok,30
train_asd_Subj_6_part_1,train,ok,30
train_asd_Subj_6_part_10,train,ok,30
train_asd_Subj_6_part_100,train,ok,30
train_asd_Subj_6_part_101,train,ok,30
train_asd_Subj_6_part_102,train,ok,30
train_asd_Subj_6_part_103,train,ok,30
train_asd_Subj_6_part_104,train,ok,30
train_asd_Subj_6_part_105,train,ok,30
train_asd_Subj_6_part_106,train,ok,30
train_asd_Subj_6_part_107,train,ok,30
train_asd_Subj_6_part_108,train,ok,30
train_asd_Subj_6_part_109,train,ok,30
train_asd_Subj_6_part_11,train,ok,30
train_asd_Subj_6_part_110,train,ok,30
train_asd_Subj_6_part_111,train,ok,30
train_asd_Subj_6_part_112,train,ok,30
train_asd_Subj_6_part_113,train,ok,30
train_asd_Subj_6_part_114,train,ok,30
train_asd_Subj_6_part_115,train,ok,30
train_asd_Subj_6_part_116,train,ok,30
train_asd_Subj_7_part_1,train,ok,30
train_asd_Subj_7_part_10,train,ok,30
train_asd_Subj_7_part_100,train,ok,30
train_asd_Subj_7_part_101,train,ok,30
train_asd_Subj_7_part_102,train,ok,30
train_asd_Subj_7_part_103,train,ok,30
train_asd_Subj_7_part_104,train,ok,30
train_asd_Subj_7_part_105,train,ok,30
train_asd_Subj_7_part_106,train,ok,30
train_asd_Subj_7_part_107,train,ok,30
train_asd_Subj_7_part_108,train,ok,30
train_asd_Subj_7_part_109,train,ok,30
train_asd_Subj_7_part_11,train,ok,30
train_asd_Subj_7_part_110,train,ok,30
train_asd_Subj_7_part_111,train,ok,30
train_asd_Subj_7_part_112,train,ok,30
train_asd_Subj_7_part_113,train,ok,30
train_asd_Subj_7_part_114,train,ok,30
train_asd_Subj_7_part_115,train,ok,30
train_asd_Subj_7_part_116,train,ok,30
train_asd_Subj_8_part_1,train,ok,30
train_asd_Subj_8_part_10,train,ok,30
train_asd_Subj_8_part_100,train,ok,30
train_asd_Subj_8_part_101,train,ok,30
train_asd_Subj_8_part_102,train,ok,30
train_asd_Subj_8_part_103,train,ok,30
train_asd_Subj_8_part_104,train,ok,30
train_asd_Subj_8_part_105,train,ok,30
train_asd_Subj_8_part_106,train,ok,30
train_asd_Subj_8_part_107,train,ok,30
train_asd_Subj_8_part_108,train,ok,30
train_asd_Subj_8_part_109,train,ok,30
train_asd_Subj_8_part_11,train,ok,30
train_asd_Subj_8_part_110,train,ok,30
train_asd_Subj_8_part_111,train,ok,30
train_asd_Subj_8_part_112,train,ok,30
train_asd_Subj_8_part_113,train,ok,30
train_asd_Subj_8_part_114,train,ok,30
train_asd_Subj_8_part_115,train,ok,30
train_asd_Subj_8_part_116,train,ok,30
train_asd_Subj_9_part_1,train,ok,30
train_asd_Subj_9_part_10,train,ok,30
train_asd_Subj_9_part_100,train,ok,30
train_asd_Subj_9_part_101,train,ok,30
train_asd_Subj_9_part_102,train,ok,30
train_asd_Subj_9_part_103,train,ok,30
train_asd_Subj_9_part_104,train,ok,30
train_asd_Subj_9_part_105,train,ok,30
train_asd_Subj_9_part_106,train,ok,30
train_asd_Subj_9_part_107,train,ok,30
train_asd_Subj_9_part_108,train,ok,30
train_asd_Subj_9_part_109,train,ok,30
train_asd_Subj_9_part_11,train,ok,30
train_asd_Subj_9_part_110,train,ok,30
train_asd_Subj_9_part_114,train,ok,30
train_asd_Subj_9_part_115,train,ok,30
train_asd_Subj_9_part_116,train,ok,30
train_asd_Subj_9_part_117,train,ok,30
train_asd_Subj_9_part_118,train,ok,30
train_asd_Subj_9_part_119,train,ok,30
train_td_Subj_1_part_1,train,ok,30
train_td_Subj_1_part_10,train,ok,30
train_td_Subj_1_part_100,train,ok,30
train_td_Subj_1_part_101,train,ok,30
train_td_Subj_1_part_102,train,ok,30
train_td_Subj_1_part_103,train,ok,30
train_td_Subj_1_part_104,train,ok,30
train_td_Subj_1_part_105,train,ok,30
train_td_Subj_1_part_106,train,ok,30
train_td_Subj_1_part_107,train,ok,30
train_td_Subj_1_part_108,train,ok,30
train_td_Subj_1_part_109,train,ok,30
train_td_Subj_1_part_11,train,ok,30
train_td_Subj_1_part_110,train,ok,30
train_td_Subj_1_part_111,train,ok,30
train_td_Subj_1_part_112,train,ok,30
train_td_Subj_1_part_113,train,ok,30
train_td_Subj_1_part_114,train,ok,30
train_td_Subj_1_part_115,train,ok,30
train_td_Subj_1_part_116,train,ok,30
train_td_Subj_10_part_1,train,ok,30
train_td_Subj_10_part_10,train,ok,30
train_td_Subj_10_part_100,train,ok,30
train_td_Subj_10_part_101,train,ok,30
train_td_Subj_10_part_102,train,ok,30
train_td_Subj_10_part_103,train,ok,30
train_td_Subj_10_part_104,train,ok,30
train_td_Subj_10_part_105,train,ok,30
train_td_Subj_10_part_106,train,ok,30
train_td_Subj_10_part_107,train,ok,30
train_td_Subj_10_part_108,train,ok,30
train_td_Subj_10_part_109,train,ok,30
train_td_Subj_10_part_11,train,ok,30
train_td_Subj_10_part_110,train,ok,30
train_td_Subj_10_part_111,train,ok,30
train_td_Subj_10_part_112,train,ok,30
train_td_Subj_10_part_113,train,ok,30
train_td_Subj_10_part_114,train,ok,30
train_td_Subj_10_part_115,train,ok,30
train_td_Subj_10_part_116,train,ok,30
train_td_Subj_11_part_1,train,ok,30
train_td_Subj_11_part_10,train,ok,30
train_td_Subj_11_part_100,train,ok,30
train_td_Subj_11_part_101,train,ok,30
train_td_Subj_11_part_102,train,ok,30
train_td_Subj_11_part_103,train,ok,30
train_td_Subj_11_part_104,train,ok,30
train_td_Subj_11_part_105,train,ok,30
train_td_Subj_11_part_106,train,ok,30
train_td_Subj_11_part_107,train,ok,30
train_td_Subj_11_part_108,train,ok,30
train_td_Subj_11_part_109,train,ok,30
train_td_Subj_11_part_11,train,ok,30
train_td_Subj_11_part_110,train,ok,30
train_td_Subj_11_part_111,train,ok,30
train_td_Subj_11_part_112,train,ok,30
train_td_Subj_11_part_113,train,ok,30
train_td_Subj_11_part_114,train,ok,30
train_td_Subj_11_part_115,train,ok,30
train_td_Subj_11_part_116,train,ok,30
train_td_Subj_12_part_1,train,ok,30
train_td_Subj_12_part_10,train,ok,30
train_td_Subj_12_part_100,train,ok,30
train_td_Subj_12_part_101,train,ok,30
train_td_Subj_12_part_102,train,ok,30
train_td_Subj_12_part_103,train,ok,30
train_td_Subj_12_part_104,train,ok,30
train_td_Subj_12_part_105,train,ok,30
train_td_Subj_12_part_106,train,ok,30
train_td_Subj_12_part_107,train,ok,30
train_td_Subj_12_part_108,train,ok,30
train_td_Subj_12_part_109,train,ok,30
train_td_Subj_12_part_11,train,ok,30
train_td_Subj_12_part_110,train,ok,30
train_td_Subj_12_part_111,train,ok,30
train_td_Subj_12_part_112,train,ok,30
train_td_Subj_12_part_113,train,ok,30
train_td_Subj_12_part_114,train,ok,30
train_td_Subj_12_part_115,train,ok,30
train_td_Subj_12_part_116,train,ok,30
train_td_Subj_13_part_1,train,ok,30
train_td_Subj_13_part_10,train,ok,30
train_td_Subj_13_part_100,train,ok,30
train_td_Subj_13_part_101,train,ok,30
train_td_Subj_13_part_102,train,ok,30
train_td_Subj_13_part_103,train,ok,30
train_td_Subj_13_part_104,train,ok,30
train_td_Subj_13_part_105,train,ok,30
train_td_Subj_13_part_106,train,ok,30
train_td_Subj_13_part_107,train,ok,30
train_td_Subj_13_part_108,train,ok,30
train_td_Subj_13_part_109,train,ok,30
train_td_Subj_13_part_11,train,ok,30
train_td_Subj_13_part_110,train,ok,30
train_td_Subj_13_part_111,train,ok,30
train_td_Subj_13_part_112,train,ok,30
train_td_Subj_13_part_113,train,ok,30
train_td_Subj_13_part_114,train,ok,30
train_td_Subj_13_part_115,train,ok,30
train_td_Subj_13_part_116,train,ok,30
train_td_Subj_14_part_1,train,ok,30
train_td_Subj_14_part_10,train,ok,30
train_td_Subj_14_part_100,train,ok,30
train_td_Subj_14_part_101,train,ok,30
train_td_Subj_14_part_102,train,ok,30
train_td_Subj_14_part_103,train,ok,30
train_td_Subj_14_part_104,train,ok,30
train_td_Subj_14_part_105,train,ok,30
train_td_Subj_14_part_106,train,ok,30
train_td_Subj_14_part_107,train,ok,30
train_td_Subj_14_part_108,train,ok,30
train_td_Subj_14_part_109,train,ok,30
train_td_Subj_14_part_11,train,ok,30
train_td_Subj_14_part_110,train,ok,30
train_td_Subj_14_part_111,train,ok,30
train_td_Subj_14_part_112,train,ok,30
train_td_Subj_14_part_113,train,ok,30
train_td_Subj_14_part_114,train,ok,30
train_td_Subj_14_part_115,train,ok,30
train_td_Subj_14_part_116,train,ok,30
train_td_Subj_15_part_1,train,ok,30
train_td_Subj_15_part_10,train,ok,30
train_td_Subj_15_part_100,train,ok,30
train_td_Subj_15_part_101,train,ok,30
train_td_Subj_15_part_102,train,ok,30
train_td_Subj_15_part_103,train,ok,30
train_td_Subj_15_part_104,train,ok,30
train_td_Subj_15_part_105,train,ok,30
train_td_Subj_15_part_106,train,ok,30
train_td_Subj_15_part_107,train,ok,30
train_td_Subj_15_part_108,train,ok,30
train_td_Subj_15_part_109,train,ok,30
train_td_Subj_15_part_11,train,ok,30
train_td_Subj_15_part_110,train,ok,30
train_td_Subj_15_part_111,train,ok,30
train_td_Subj_15_part_112,train,ok,30
train_td_Subj_15_part_113,train,ok,30
train_td_Subj_15_part_114,train,ok,30
train_td_Subj_15_part_115,train,ok,30
train_td_Subj_15_part_116,train,ok,30
train_td_Subj_16_part_1,train,ok,30
train_td_Subj_16_part_10,train,ok,30
train_td_Subj_16_part_100,train,ok,30
train_td_Subj_16_part_101,train,ok,30
train_td_Subj_16_part_102,train,ok,30
train_td_Subj_16_part_103,train,ok,30
train_td_Subj_16_part_104,train,ok,30
train_td_Subj_16_part_105,train,ok,30
train_td_Subj_16_part_106,train,ok,30
train_td_Subj_16_part_107,train,ok,30
train_td_Subj_16_part_108,train,ok,30
train_td_Subj_16_part_109,train,ok,30
train_td_Subj_16_part_11,train,ok,30
train_td_Subj_16_part_110,train,ok,30
train_td_Subj_16_part_111,train,ok,30
train_td_Subj_16_part_112,train,ok,30
train_td_Subj_16_part_113,train,ok,30
train_td_Subj_16_part_114,train,ok,30
train_td_Subj_16_part_115,train,ok,30
train_td_Subj_16_part_116,train,ok,30
train_td_Subj_17_part_1,train,ok,30
train_td_Subj_17_part_10,train,ok,30
train_td_Subj_17_part_100,train,ok,30
train_td_Subj_17_part_101,train,ok,30
train_td_Subj_17_part_102,train,ok,30
train_td_Subj_17_part_103,train,ok,30
train_td_Subj_17_part_104,train,ok,30
train_td_Subj_17_part_105,train,ok,30
train_td_Subj_17_part_106,train,ok,30
train_td_Subj_17_part_107,train,ok,30
train_td_Subj_17_part_108,train,ok,30
train_td_Subj_17_part_109,train,ok,30
train_td_Subj_17_part_11,train,ok,30
train_td_Subj_17_part_110,train,ok,30
train_td_Subj_17_part_111,train,ok,30
train_td_Subj_17_part_112,train,ok,30
train_td_Subj_17_part_113,train,ok,30
train_td_Subj_17_part_114,train,ok,30
train_td_Subj_17_part_115,train,ok,30
train_td_Subj_17_part_116,train,ok,30
train_td_Subj_18_part_1,train,ok,30
train_td_Subj_18_part_10,train,ok,30
train_td_Subj_18_part_100,train,ok,30
train_td_Subj_18_part_101,train,ok,30
train_td_Subj_18_part_102,train,ok,30
train_td_Subj_18_part_103,train,ok,30
train_td_Subj_18_part_104,train,ok,30
train_td_Subj_18_part_105,train,ok,30
train_td_Subj_18_part_106,train,ok,30
train_td_Subj_18_part_107,train,ok,30
train_td_Subj_18_part_108,train,ok,30
train_td_Subj_18_part_109,train,ok,30
train_td_Subj_18_part_11,train,ok,30
train_td_Subj_18_part_110,train,ok,30
train_td_Subj_18_part_111,train,ok,30
train_td_Subj_18_part_112,train,ok,30
train_td_Subj_18_part_113,train,ok,30
train_td_Subj_18_part_114,train,ok,30
train_td_Subj_18_part_115,train,ok,30
train_td_Subj_18_part_116,train,ok,30
train_td_Subj_19_part_1,train,ok,30
train_td_Subj_19_part_10,train,ok,30
train_td_Subj_19_part_100,train,ok,30
train_td_Subj_19_part_101,train,ok,30
train_td_Subj_19_part_102,train,ok,30
train_td_Subj_19_part_103,train,ok,30
train_td_Subj_19_part_104,train,ok,30
train_td_Subj_19_part_105,train,ok,30
train_td_Subj_19_part_106,train,ok,30
train_td_Subj_19_part_107,train,ok,30
train_td_Subj_19_part_108,train,ok,30
train_td_Subj_19_part_109,train,ok,30
train_td_Subj_19_part_11,train,ok,30
train_td_Subj_19_part_110,train,ok,30
train_td_Subj_19_part_111,train,ok,30
train_td_Subj_19_part_112,train,ok,30
train_td_Subj_19_part_113,train,ok,30
train_td_Subj_19_part_114,train,ok,30
train_td_Subj_19_part_115,train,ok,30
train_td_Subj_19_part_116,train,ok,30
train_td_Subj_2_part_1,train,ok,30
train_td_Subj_2_part_10,train,ok,30
train_td_Subj_2_part_100,train,ok,30
train_td_Subj_2_part_101,train,ok,30
train_td_Subj_2_part_102,train,ok,30
train_td_Subj_2_part_103,train,ok,30
train_td_Subj_2_part_104,train,ok,30
train_td_Subj_2_part_105,train,ok,30
train_td_Subj_2_part_106,train,ok,30
train_td_Subj_2_part_107,train,ok,30
train_td_Subj_2_part_108,train,ok,30
train_td_Subj_2_part_109,train,ok,30
train_td_Subj_2_part_11,train,ok,30
train_td_Subj_2_part_110,train,ok,30
train_td_Subj_2_part_111,train,ok,30
train_td_Subj_2_part_112,train,ok,30
train_td_Subj_2_part_113,train,ok,30
train_td_Subj_2_part_114,train,ok,30
train_td_Subj_2_part_115,train,ok,30
train_td_Subj_2_part_116,train,ok,30
train_td_Subj_20_part_1,train,ok,30
train_td_Subj_20_part_10,train,ok,30
train_td_Subj_20_part_100,train,ok,30
train_td_Subj_20_part_101,train,ok,30
train_td_Subj_20_part_102,train,ok,30
train_td_Subj_20_part_103,train,ok,30
train_td_Subj_20_part_104,train,ok,30
train_td_Subj_20_part_105,train,ok,30
train_td_Subj_20_part_106,train,ok,30
train_td_Subj_20_part_107,train,ok,30
train_td_Subj_20_part_108,train,ok,30
train_td_Subj_20_part_109,train,ok,30
train_td_Subj_20_part_11,train,ok,30
train_td_Subj_20_part_110,train,ok,30
train_td_Subj_20_part_111,train,ok,30
train_td_Subj_20_part_112,train,ok,30
train_td_Subj_20_part_113,train,ok,30
train_td_Subj_20_part_114,train,ok,30
train_td_Subj_20_part_115,train,ok,30
train_td_Subj_20_part_116,train,ok,30
train_td_Subj_21_part_1,train,ok,30
train_td_Subj_21_part_10,train,ok,30
train_td_Subj_21_part_100,train,ok,30
train_td_Subj_21_part_101,train,ok,30
train_td_Subj_21_part_102,train,ok,30
train_td_Subj_21_part_103,train,ok,30
train_td_Subj_21_part_104,train,ok,30
train_td_Subj_21_part_105,train,ok,30
train_td_Subj_21_part_106,train,ok,30
train_td_Subj_21_part_107,train,ok,30
train_td_Subj_21_part_108,train,ok,30
train_td_Subj_21_part_109,train,ok,30
train_td_Subj_21_part_11,train,ok,30
train_td_Subj_21_part_110,train,ok,30
train_td_Subj_21_part_111,train,ok,30
train_td_Subj_21_part_112,train,ok,30
train_td_Subj_21_part_113,train,ok,30
train_td_Subj_21_part_114,train,ok,30
train_td_Subj_21_part_115,train,ok,30
train_td_Subj_21_part_116,train,ok,30
train_td_Subj_22_part_1,train,ok,30
train_td_Subj_22_part_10,train,ok,30
train_td_Subj_22_part_100,train,ok,30
train_td_Subj_22_part_101,train,ok,30
train_td_Subj_22_part_102,train,ok,30
train_td_Subj_22_part_103,train,ok,30
train_td_Subj_22_part_104,train,ok,30
train_td_Subj_22_part_105,train,ok,30
train_td_Subj_22_part_106,train,ok,30
train_td_Subj_22_part_107,train,ok,30
train_td_Subj_22_part_108,train,ok,30
train_td_Subj_22_part_109,train,ok,30
train_td_Subj_22_part_11,train,ok,30
train_td_Subj_22_part_110,train,ok,30
train_td_Subj_22_part_111,train,ok,30
train_td_Subj_22_part_112,train,ok,30
train_td_Subj_22_part_113,train,ok,30
train_td_Subj_22_part_114,train,ok,30
train_td_Subj_22_part_115,train,ok,30
train_td_Subj_22_part_116,train,ok,30
train_td_Subj_23_part_1,train,ok,30
train_td_Subj_23_part_10,train,ok,30
train_td_Subj_23_part_100,train,ok,30
train_td_Subj_23_part_101,train,ok,30
train_td_Subj_23_part_102,train,ok,30
train_td_Subj_23_part_103,train,ok,30
train_td_Subj_23_part_104,train,ok,30
train_td_Subj_23_part_105,train,ok,30
train_td_Subj_23_part_106,train,ok,30
train_td_Subj_23_part_107,train,ok,30
train_td_Subj_23_part_108,train,ok,30
train_td_Subj_23_part_109,train,ok,30
train_td_Subj_23_part_11,train,ok,30
train_td_Subj_23_part_110,train,ok,30
train_td_Subj_23_part_111,train,ok,30
train_td_Subj_23_part_112,train,ok,30
train_td_Subj_23_part_113,train,ok,30
train_td_Subj_23_part_114,train,ok,30
train_td_Subj_23_part_115,train,ok,30
train_td_Subj_23_part_116,train,ok,30
train_td_Subj_24_part_1,train,ok,30
train_td_Subj_24_part_10,train,ok,30
train_td_Subj_24_part_100,train,ok,30
train_td_Subj_24_part_101,train,ok,30
train_td_Subj_24_part_102,train,ok,30
train_td_Subj_24_part_103,train,ok,30
train_td_Subj_24_part_104,train,ok,30
train_td_Subj_24_part_105,train,ok,30
train_td_Subj_24_part_106,train,ok,30
train_td_Subj_24_part_107,train,ok,30
train_td_Subj_24_part_108,train,ok,30
train_td_Subj_24_part_109,train,ok,30
train_td_Subj_24_part_11,train,ok,30
train_td_Subj_24_part_110,train,ok,30
train_td_Subj_24_part_111,train,ok,30
train_td_Subj_24_part_112,train,ok,30
train_td_Subj_24_part_113,train,ok,30
train_td_Subj_24_part_114,train,ok,30
train_td_Subj_24_part_115,train,ok,30
train_td_Subj_24_part_116,train,ok,30
train_td_Subj_25_part_1,train,ok,30
train_td_Subj_25_part_10,train,ok,30
train_td_Subj_25_part_100,train,ok,30
train_td_Subj_25_part_101,train,ok,30
train_td_Subj_25_part_102,train,ok,30
train_td_Subj_25_part_103,train,ok,30
train_td_Subj_25_part_104,train,ok,30
train_td_Subj_25_part_105,train,ok,30
train_td_Subj_25_part_106,train,ok,30
train_td_Subj_25_part_107,train,ok,30
train_td_Subj_25_part_108,train,ok,30
train_td_Subj_25_part_109,train,ok,30
train_td_Subj_25_part_11,train,ok,30
train_td_Subj_25_part_110,train,ok,30
train_td_Subj_25_part_111,train,ok,30
train_td_Subj_25_part_112,train,ok,30
train_td_Subj_25_part_113,train,ok,30
train_td_Subj_25_part_114,train,ok,30
train_td_Subj_25_part_115,train,ok,30
train_td_Subj_25_part_116,train,ok,30
train_td_Subj_26_part_1,train,ok,30
train_td_Subj_26_part_10,train,ok,30
train_td_Subj_26_part_100,train,ok,30
train_td_Subj_26_part_101,train,ok,30
train_td_Subj_26_part_102,train,ok,30
train_td_Subj_26_part_103,train,ok,30
train_td_Subj_26_part_104,train,ok,30
train_td_Subj_26_part_105,train,ok,30
train_td_Subj_26_part_106,train,ok,30
train_td_Subj_26_part_107,train,ok,30
train_td_Subj_26_part_108,train,ok,30
train_td_Subj_26_part_109,train,ok,30
train_td_Subj_26_part_11,train,ok,30
train_td_Subj_26_part_110,train,ok,30
train_td_Subj_26_part_111,train,ok,30
train_td_Subj_26_part_112,train,ok,30
train_td_Subj_26_part_113,train,ok,30
train_td_Subj_26_part_114,train,ok,30
train_td_Subj_26_part_115,train,ok,30
train_td_Subj_26_part_116,train,ok,30
train_td_Subj_27_part_1,train,ok,30
train_td_Subj_27_part_10,train,ok,30
train_td_Subj_27_part_100,train,ok,30
train_td_Subj_27_part_101,train,ok,30
train_td_Subj_27_part_102,train,ok,30
train_td_Subj_27_part_103,train,ok,30
train_td_Subj_27_part_104,train,ok,30
train_td_Subj_27_part_105,train,ok,30
train_td_Subj_27_part_106,train,ok,30
train_td_Subj_27_part_107,train,ok,30
train_td_Subj_27_part_108,train,ok,30
train_td_Subj_27_part_109,train,ok,30
train_td_Subj_27_part_11,train,ok,30
train_td_Subj_27_part_110,train,ok,30
train_td_Subj_27_part_111,train,ok,30
train_td_Subj_27_part_112,train,ok,30
train_td_Subj_27_part_113,train,ok,30
train_td_Subj_27_part_114,train,ok,30
train_td_Subj_27_part_115,train,ok,30
train_td_Subj_27_part_116,train,ok,30
train_td_Subj_28_part_1,train,ok,30
train_td_Subj_28_part_10,train,ok,30
train_td_Subj_28_part_100,train,ok,30
train_td_Subj_28_part_101,train,ok,30
train_td_Subj_28_part_102,train,ok,30
train_td_Subj_28_part_103,train,ok,30
train_td_Subj_28_part_104,train,ok,30
train_td_Subj_28_part_105,train,ok,30
train_td_Subj_28_part_106,train,ok,30
train_td_Subj_28_part_107,train,ok,30
train_td_Subj_28_part_108,train,ok,30
train_td_Subj_28_part_109,train,ok,30
train_td_Subj_28_part_11,train,ok,30
train_td_Subj_28_part_110,train,ok,30
train_td_Subj_28_part_111,train,ok,30
train_td_Subj_28_part_112,train,ok,30
train_td_Subj_28_part_113,train,ok,30
train_td_Subj_28_part_114,train,ok,30
train_td_Subj_28_part_115,train,ok,30
train_td_Subj_28_part_116,train,ok,30
train_td_Subj_29_part_1,train,ok,30
train_td_Subj_29_part_10,train,ok,30
train_td_Subj_29_part_100,train,ok,30
train_td_Subj_29_part_101,train,ok,30
train_td_Subj_29_part_102,train,ok,30
train_td_Subj_29_part_103,train,ok,30
train_td_Subj_29_part_104,train,ok,30
train_td_Subj_29_part_105,train,ok,30
train_td_Subj_29_part_106,train,ok,30
train_td_Subj_29_part_107,train,ok,30
train_td_Subj_29_part_108,train,ok,30
train_td_Subj_29_part_109,train,ok,30
train_td_Subj_29_part_11,train,ok,30
train_td_Subj_29_part_110,train,ok,30
train_td_Subj_29_part_111,train,ok,30
train_td_Subj_29_part_112,train,ok,30
train_td_Subj_29_part_113,train,ok,30
train_td_Subj_29_part_114,train,ok,30
train_td_Subj_29_part_115,train,ok,30
train_td_Subj_29_part_116,train,ok,30
train_td_Subj_3_part_1,train,ok,30
train_td_Subj_3_part_10,train,ok,30
train_td_Subj_3_part_100,train,ok,30
train_td_Subj_3_part_101,train,ok,30
train_td_Subj_3_part_102,train,ok,30
train_td_Subj_3_part_103,train,ok,30
train_td_Subj_3_part_104,train,ok,30
train_td_Subj_3_part_105,train,ok,30
train_td_Subj_3_part_106,train,ok,30
train_td_Subj_3_part_107,train,ok,30
train_td_Subj_3_part_108,train,ok,30
train_td_Subj_3_part_109,train,ok,30
train_td_Subj_3_part_11,train,ok,30
train_td_Subj_3_part_110,train,ok,30
train_td_Subj_3_part_111,train,ok,30
train_td_Subj_3_part_112,train,ok,30
train_td_Subj_3_part_113,train,ok,30
train_td_Subj_3_part_114,train,ok,30
train_td_Subj_3_part_115,train,ok,30
train_td_Subj_3_part_116,train,ok,30
train_td_Subj_30_part_1,train,ok,30
train_td_Subj_30_part_10,train,ok,30
train_td_Subj_30_part_100,train,ok,30
train_td_Subj_30_part_101,train,ok,30
train_td_Subj_30_part_102,train,ok,30
train_td_Subj_30_part_103,train,ok,30
train_td_Subj_30_part_104,train,ok,30
train_td_Subj_30_part_105,train,ok,30
train_td_Subj_30_part_106,train,ok,30
train_td_Subj_30_part_107,train,ok,30
train_td_Subj_30_part_108,train,ok,30
train_td_Subj_30_part_109,train,ok,30
train_td_Subj_30_part_11,train,ok,30
train_td_Subj_30_part_110,train,ok,30
train_td_Subj_30_part_111,train,ok,30
train_td_Subj_30_part_112,train,ok,30
train_td_Subj_30_part_113,train,ok,30
train_td_Subj_30_part_114,train,ok,30
train_td_Subj_30_part_115,train,ok,30
train_td_Subj_30_part_116,train,ok,30
train_td_Subj_31_part_1,train,ok,30
train_td_Subj_31_part_10,train,ok,30
train_td_Subj_31_part_100,train,ok,30
train_td_Subj_31_part_101,train,ok,30
train_td_Subj_31_part_102,train,ok,30
train_td_Subj_31_part_103,train,ok,30
train_td_Subj_31_part_104,train,ok,30
train_td_Subj_31_part_105,train,ok,30
train_td_Subj_31_part_106,train,ok,30
train_td_Subj_31_part_107,train,ok,30
train_td_Subj_31_part_108,train,ok,30
train_td_Subj_31_part_109,train,ok,30
train_td_Subj_31_part_11,train,ok,30
train_td_Subj_31_part_110,train,ok,30
train_td_Subj_31_part_111,train,ok,30
train_td_Subj_31_part_112,train,ok,30
train_td_Subj_31_part_113,train,ok,30
train_td_Subj_31_part_114,train,ok,30
train_td_Subj_31_part_115,train,ok,30
train_td_Subj_31_part_116,train,ok,30
train_td_Subj_32_part_1,train,ok,30
train_td_Subj_32_part_10,train,ok,30
train_td_Subj_32_part_100,train,ok,30
train_td_Subj_32_part_101,train,ok,30
train_td_Subj_32_part_102,train,ok,30
train_td_Subj_32_part_103,train,ok,30
train_td_Subj_32_part_104,train,ok,30
train_td_Subj_32_part_105,train,ok,30
train_td_Subj_32_part_106,train,ok,30
train_td_Subj_32_part_107,train,ok,30
train_td_Subj_32_part_108,train,ok,30
train_td_Subj_32_part_109,train,ok,30
train_td_Subj_32_part_11,train,ok,30
train_td_Subj_32_part_110,train,ok,30
train_td_Subj_32_part_111,train,ok,30
train_td_Subj_32_part_112,train,ok,30
train_td_Subj_32_part_113,train,ok,30
train_td_Subj_32_part_114,train,ok,30
train_td_Subj_32_part_115,train,ok,30
train_td_Subj_32_part_116,train,ok,30
train_td_Subj_33_part_1,train,ok,30
train_td_Subj_33_part_10,train,ok,30
train_td_Subj_33_part_100,train,ok,30
train_td_Subj_33_part_101,train,ok,30
train_td_Subj_33_part_102,train,ok,30
train_td_Subj_33_part_103,train,ok,30
train_td_Subj_33_part_104,train,ok,30
train_td_Subj_33_part_105,train,ok,30
train_td_Subj_33_part_106,train,ok,30
train_td_Subj_33_part_107,train,ok,30
train_td_Subj_33_part_108,train,ok,30
train_td_Subj_33_part_109,train,ok,30
train_td_Subj_33_part_11,train,ok,30
train_td_Subj_33_part_110,train,ok,30
train_td_Subj_33_part_111,train,ok,30
train_td_Subj_33_part_112,train,ok,30
train_td_Subj_33_part_113,train,ok,30
train_td_Subj_33_part_114,train,ok,30
train_td_Subj_33_part_115,train,ok,30
train_td_Subj_33_part_116,train,ok,30
train_td_Subj_34_part_1,train,ok,30
train_td_Subj_34_part_10,train,ok,30
train_td_Subj_34_part_100,train,ok,30
train_td_Subj_34_part_101,train,ok,30
train_td_Subj_34_part_102,train,ok,30
train_td_Subj_34_part_103,train,ok,30
train_td_Subj_34_part_104,train,ok,30
train_td_Subj_34_part_105,train,ok,30
train_td_Subj_34_part_106,train,ok,30
train_td_Subj_34_part_107,train,ok,30
train_td_Subj_34_part_108,train,ok,30
train_td_Subj_34_part_109,train,ok,30
train_td_Subj_34_part_11,train,ok,30
train_td_Subj_34_part_110,train,ok,30
train_td_Subj_34_part_111,train,ok,30
train_td_Subj_34_part_112,train,ok,30
train_td_Subj_34_part_113,train,ok,30
train_td_Subj_34_part_114,train,ok,30
train_td_Subj_34_part_115,train,ok,30
train_td_Subj_34_part_116,train,ok,30
train_td_Subj_35_part_1,train,ok,30
train_td_Subj_35_part_10,train,ok,30
train_td_Subj_35_part_100,train,ok,30
train_td_Subj_35_part_101,train,ok,30
train_td_Subj_35_part_102,train,ok,30
train_td_Subj_35_part_103,train,ok,30
train_td_Subj_35_part_104,train,ok,30
train_td_Subj_35_part_105,train,ok,30
train_td_Subj_35_part_106,train,ok,30
train_td_Subj_35_part_107,train,ok,30
train_td_Subj_35_part_108,train,ok,30
train_td_Subj_35_part_109,train,ok,30
train_td_Subj_35_part_11,train,ok,30
train_td_Subj_35_part_110,train,ok,30
train_td_Subj_35_part_111,train,ok,30
train_td_Subj_35_part_112,train,ok,30
train_td_Subj_35_part_113,train,ok,30
train_td_Subj_35_part_114,train,ok,30
train_td_Subj_35_part_115,train,ok,30
train_td_Subj_35_part_116,train,ok,30
train_td_Subj_36_part_1,train,ok,30
train_td_Subj_36_part_10,train,ok,30
train_td_Subj_36_part_100,train,ok,30
train_td_Subj_36_part_101,train,ok,30
train_td_Subj_36_part_102,train,ok,30
train_td_Subj_36_part_103,train,ok,30
train_td_Subj_36_part_104,train,ok,30
train_td_Subj_36_part_105,train,ok,30
train_td_Subj_36_part_106,train,ok,30
train_td_Subj_36_part_107,train,ok,30
train_td_Subj_36_part_108,train,ok,30
train_td_Subj_36_part_109,train,ok,30
train_td_Subj_36_part_11,train,ok,30
train_td_Subj_36_part_110,train,ok,30
train_td_Subj_36_part_111,train,ok,30
train_td_Subj_36_part_112,train,ok,30
train_td_Subj_36_part_113,train,ok,30
train_td_Subj_36_part_114,train,ok,30
train_td_Subj_36_part_115,train,ok,30
train_td_Subj_36_part_116,train,ok,30
train_td_Subj_37_part_1,train,ok,30
train_td_Subj_37_part_10,train,ok,30
train_td_Subj_37_part_100,train,ok,30
train_td_Subj_37_part_101,train,ok,30
train_td_Subj_37_part_102,train,ok,30
train_td_Subj_37_part_103,train,ok,30
train_td_Subj_37_part_104,train,ok,30
train_td_Subj_37_part_105,train,ok,30
train_td_Subj_37_part_106,train,ok,30
train_td_Subj_37_part_107,train,ok,30
train_td_Subj_37_part_108,train,ok,30
train_td_Subj_37_part_109,train,ok,30
train_td_Subj_37_part_11,train,ok,30
train_td_Subj_37_part_110,train,ok,30
train_td_Subj_37_part_111,train,ok,30
train_td_Subj_37_part_112,train,ok,30
train_td_Subj_37_part_113,train,ok,30
train_td_Subj_37_part_114,train,ok,30
train_td_Subj_37_part_115,train,ok,30
train_td_Subj_37_part_116,train,ok,30
train_td_Subj_38_part_1,train,ok,30
train_td_Subj_38_part_10,train,ok,30
train_td_Subj_38_part_100,train,ok,30
train_td_Subj_38_part_101,train,ok,30
train_td_Subj_38_part_102,train,ok,30
train_td_Subj_38_part_103,train,ok,30
train_td_Subj_38_part_104,train,ok,30
train_td_Subj_38_part_105,train,ok,30
train_td_Subj_38_part_106,train,ok,30
train_td_Subj_38_part_107,train,ok,30
train_td_Subj_38_part_108,train,ok,30
train_td_Subj_38_part_109,train,ok,30
train_td_Subj_38_part_11,train,ok,30
train_td_Subj_38_part_110,train,ok,30
train_td_Subj_38_part_111,train,ok,30
train_td_Subj_38_part_112,train,ok,30
train_td_Subj_38_part_113,train,ok,30
train_td_Subj_38_part_114,train,ok,30
train_td_Subj_38_part_115,train,ok,30
train_td_Subj_38_part_116,train,ok,30
train_td_Subj_39_part_1,train,ok,30
train_td_Subj_39_part_10,train,ok,30
train_td_Subj_39_part_100,train,ok,30
train_td_Subj_39_part_101,train,ok,30
train_td_Subj_39_part_102,train,ok,30
train_td_Subj_39_part_103,train,ok,30
train_td_Subj_39_part_104,train,ok,30
train_td_Subj_39_part_105,train,ok,30
train_td_Subj_39_part_106,train,ok,30
train_td_Subj_39_part_107,train,ok,30
train_td_Subj_39_part_108,train,ok,30
train_td_Subj_39_part_109,train,ok,30
train_td_Subj_39_part_11,train,ok,30
train_td_Subj_39_part_110,train,ok,30
train_td_Subj_39_part_111,train,ok,30
train_td_Subj_39_part_112,train,ok,30
train_td_Subj_39_part_113,train,ok,30
train_td_Subj_39_part_114,train,ok,30
train_td_Subj_39_part_115,train,ok,30
train_td_Subj_39_part_116,train,ok,30
train_td_Subj_4_part_1,train,ok,30
train_td_Subj_4_part_10,train,ok,30
train_td_Subj_4_part_100,train,ok,30
train_td_Subj_4_part_101,train,ok,30
train_td_Subj_4_part_102,train,ok,30
train_td_Subj_4_part_103,train,ok,30
train_td_Subj_4_part_104,train,ok,30
train_td_Subj_4_part_105,train,ok,30
train_td_Subj_4_part_106,train,ok,30
train_td_Subj_4_part_107,train,ok,30
train_td_Subj_4_part_108,train,ok,30
train_td_Subj_4_part_109,train,ok,30
train_td_Subj_4_part_11,train,ok,30
train_td_Subj_4_part_110,train,ok,30
train_td_Subj_4_part_111,train,ok,30
train_td_Subj_4_part_112,train,ok,30
train_td_Subj_4_part_113,train,ok,30
train_td_Subj_4_part_114,train,ok,30
train_td_Subj_4_part_115,train,ok,30
train_td_Subj_4_part_116,train,ok,30
train_td_Subj_40_part_1,train,ok,30
train_td_Subj_40_part_10,train,ok,30
train_td_Subj_40_part_100,train,ok,30
train_td_Subj_40_part_101,train,ok,30
train_td_Subj_40_part_102,train,ok,30
train_td_Subj_40_part_103,train,ok,30
train_td_Subj_40_part_104,train,ok,30
train_td_Subj_40_part_105,train,ok,30
train_td_Subj_40_part_106,train,ok,30
train_td_Subj_40_part_107,train,ok,30
train_td_Subj_40_part_108,train,ok,30
train_td_Subj_40_part_109,train,ok,30
train_td_Subj_40_part_11,train,ok,30
train_td_Subj_40_part_110,train,ok,30
train_td_Subj_40_part_111,train,ok,30
train_td_Subj_40_part_112,train,ok,30
train_td_Subj_40_part_113,train,ok,30
train_td_Subj_40_part_114,train,ok,30
train_td_Subj_40_part_115,train,ok,30
train_td_Subj_40_part_116,train,ok,30
train_td_Subj_5_part_1,train,ok,30
train_td_Subj_5_part_10,train,ok,30
train_td_Subj_5_part_100,train,ok,30
train_td_Subj_5_part_101,train,ok,30
train_td_Subj_5_part_102,train,ok,30
train_td_Subj_5_part_103,train,ok,30
train_td_Subj_5_part_104,train,ok,30
train_td_Subj_5_part_105,train,ok,30
train_td_Subj_5_part_106,train,ok,30
train_td_Subj_5_part_107,train,ok,30
train_td_Subj_5_part_108,train,ok,30
train_td_Subj_5_part_109,train,ok,30
train_td_Subj_5_part_11,train,ok,30
train_td_Subj_5_part_110,train,ok,30
train_td_Subj_5_part_111,train,ok,30
train_td_Subj_5_part_112,train,ok,30
train_td_Subj_5_part_113,train,ok,30
train_td_Subj_5_part_114,train,ok,30
train_td_Subj_5_part_115,train,ok,30
train_td_Subj_5_part_116,train,ok,30
train_td_Subj_6_part_1,train,ok,30
train_td_Subj_6_part_10,train,ok,30
train_td_Subj_6_part_100,train,ok,30
train_td_Subj_6_part_101,train,ok,30
train_td_Subj_6_part_102,train,ok,30
train_td_Subj_6_part_103,train,ok,30
train_td_Subj_6_part_104,train,ok,30
train_td_Subj_6_part_105,train,ok,30
train_td_Subj_6_part_106,train,ok,30
train_td_Subj_6_part_107,train,ok,30
train_td_Subj_6_part_108,train,ok,30
train_td_Subj_6_part_109,train,ok,30
train_td_Subj_6_part_11,train,ok,30
train_td_Subj_6_part_110,train,ok,30
train_td_Subj_6_part_111,train,ok,30
train_td_Subj_6_part_112,train,ok,30
train_td_Subj_6_part_113,train,ok,30
train_td_Subj_6_part_114,train,ok,30
train_td_Subj_6_part_115,train,ok,30
train_td_Subj_6_part_116,train,ok,30
train_td_Subj_7_part_1,train,ok,30
train_td_Subj_7_part_10,train,ok,30
train_td_Subj_7_part_100,train,ok,30
train_td_Subj_7_part_101,train,ok,30
train_td_Subj_7_part_102,train,ok,30
train_td_Subj_7_part_103,train,ok,30
train_td_Subj_7_part_104,train,ok,30
train_td_Subj_7_part_105,train,ok,30
train_td_Subj_7_part_106,train,ok,30
train_td_Subj_7_part_107,train,ok,30
train_td_Subj_7_part_108,train,ok,30
train_td_Subj_7_part_109,train,ok,30
train_td_Subj_7_part_11,train,ok,30
train_td_Subj_7_part_110,train,ok,30
train_td_Subj_7_part_111,train,ok,30
train_td_Subj_7_part_112,train,ok,30
train_td_Subj_7_part_113,train,ok,30
train_td_Subj_7_part_114,train,ok,30
train_td_Subj_7_part_115,train,ok,30
train_td_Subj_7_part_116,train,ok,30
train_td_Subj_8_part_1,train,ok,30
train_td_Subj_8_part_10,train,ok,30
train_td_Subj_8_part_100,train,ok,30
train_td_Subj_8_part_101,train,ok,30
train_td_Subj_8_part_102,train,ok,30
train_td_Subj_8_part_103,train,ok,30
train_td_Subj_8_part_104,train,ok,30
train_td_Subj_8_part_105,train,ok,30
train_td_Subj_8_part_106,train,ok,30
train_td_Subj_8_part_107,train,ok,30
train_td_Subj_8_part_108,train,ok,30
train_td_Subj_8_part_109,train,ok,30
train_td_Subj_8_part_11,train,ok,30
train_td_Subj_8_part_110,train,ok,30
train_td_Subj_8_part_111,train,ok,30
train_td_Subj_8_part_112,train,ok,30
train_td_Subj_8_part_113,train,ok,30
train_td_Subj_8_part_114,train,ok,30
train_td_Subj_8_part_115,train,ok,30
train_td_Subj_8_part_116,train,ok,30
train_td_Subj_9_part_1,train,ok,30
train_td_Subj_9_part_10,train,ok,30
train_td_Subj_9_part_100,train,ok,30
train_td_Subj_9_part_101,train,ok,30
train_td_Subj_9_part_102,train,ok,30
train_td_Subj_9_part_103,train,ok,30
train_td_Subj_9_part_104,train,ok,30
train_td_Subj_9_part_105,train,ok,30
train_td_Subj_9_part_106,train,ok,30
train_td_Subj_9_part_107,train,ok,30
train_td_Subj_9_part_108,train,ok,30
train_td_Subj_9_part_109,train,ok,30
train_td_Subj_9_part_11,train,ok,30
train_td_Subj_9_part_110,train,ok,30
train_td_Subj_9_part_111,train,ok,30
train_td_Subj_9_part_112,train,ok,30
train_td_Subj_9_part_113,train,ok,30
train_td_Subj_9_part_114,train,ok,30
train_td_Subj_9_part_115,train,ok,30
train_td_Subj_9_part_116,train,ok,30
test_asd_Subj_100_part_1,test,ok,30
test_asd_Subj_100_part_10,test,ok,30
test_asd_Subj_100_part_100,test,ok,30
test_asd_Subj_100_part_101,test,ok,30
test_asd_Subj_100_part_102,test,ok,30
test_asd_Subj_100_part_103,test,ok,30
test_asd_Subj_100_part_104,test,ok,30
test_asd_Subj_100_part_105,test,ok,30
test_asd_Subj_100_part_106,test,ok,30
test_asd_Subj_100_part_107,test,ok,30
test_asd_Subj_100_part_108,test,ok,30
test_asd_Subj_100_part_109,test,ok,30
test_asd_Subj_100_part_11,test,ok,30
test_asd_Subj_100_part_110,test,ok,30
test_asd_Subj_100_part_111,test,ok,30
test_asd_Subj_100_part_112,test,ok,30
test_asd_Subj_100_part_113,test,ok,30
test_asd_Subj_100_part_114,test,ok,30
test_asd_Subj_100_part_115,test,ok,30
test_asd_Subj_100_part_116,test,ok,30
test_asd_Subj_101_part_1,test,ok,30
test_asd_Subj_101_part_10,test,ok,30
test_asd_Subj_101_part_100,test,ok,30
test_asd_Subj_101_part_101,test,ok,30
test_asd_Subj_101_part_102,test,ok,30
test_asd_Subj_101_part_103,test,ok,30
test_asd_Subj_101_part_104,test,ok,30
test_asd_Subj_101_part_105,test,ok,30
test_asd_Subj_101_part_106,test,ok,30
test_asd_Subj_101_part_107,test,ok,30
test_asd_Subj_101_part_108,test,ok,30
test_asd_Subj_101_part_109,test,ok,30
test_asd_Subj_101_part_11,test,ok,30
test_asd_Subj_101_part_110,test,ok,30
test_asd_Subj_101_part_111,test,ok,30
test_asd_Subj_101_part_112,test,ok,30
test_asd_Subj_101_part_113,test,ok,30
test_asd_Subj_101_part_114,test,ok,30
test_asd_Subj_101_part_115,test,ok,30
test_asd_Subj_101_part_116,test,ok,30
test_asd_Subj_102_part_1,test,ok,30
test_asd_Subj_102_part_10,test,ok,30
test_asd_Subj_102_part_100,test,ok,30
test_asd_Subj_102_part_101,test,ok,30
test_asd_Subj_102_part_102,test,ok,30
test_asd_Subj_102_part_103,test,ok,30
test_asd_Subj_102_part_104,test,ok,30
test_asd_Subj_102_part_105,test,ok,30
test_asd_Subj_102_part_106,test,ok,30
test_asd_Subj_102_part_107,test,ok,30
test_asd_Subj_102_part_108,test,ok,30
test_asd_Subj_102_part_109,test,ok,30
test_asd_Subj_102_part_11,test,ok,30
test_asd_Subj_102_part_110,test,ok,30
test_asd_Subj_102_part_111,test,ok,30
test_asd_Subj_102_part_112,test,ok,30
test_asd_Subj_102_part_113,test,ok,30
test_asd_Subj_102_part_114,test,ok,30
test_asd_Subj_102_part_115,test,ok,30
test_asd_Subj_102_part_116,test,ok,30
test_asd_Subj_103_part_1,test,ok,30
test_asd_Subj_103_part_10,test,ok,30
test_asd_Subj_103_part_100,test,ok,30
test_asd_Subj_103_part_101,test,ok,30
test_asd_Subj_103_part_102,test,ok,30
test_asd_Subj_103_part_103,test,ok,30
test_asd_Subj_103_part_104,test,ok,30
test_asd_Subj_103_part_105,test,ok,30
test_asd_Subj_103_part_106,test,ok,30
test_asd_Subj_103_part_107,test,ok,30
test_asd_Subj_103_part_108,test,ok,30
test_asd_Subj_103_part_109,test,ok,30
test_asd_Subj_103_part_11,test,ok,30
test_asd_Subj_103_part_110,test,ok,30
test_asd_Subj_103_part_111,test,ok,30
test_asd_Subj_103_part_112,test,ok,30
test_asd_Subj_103_part_113,test,ok,30
test_asd_Subj_103_part_114,test,ok,30
test_asd_Subj_103_part_115,test,ok,30
test_asd_Subj_103_part_116,test,ok,30
test_asd_Subj_104_part_1,test,ok,30
test_asd_Subj_104_part_10,test,ok,30
test_asd_Subj_104_part_100,test,ok,30
test_asd_Subj_104_part_101,test,ok,30
test_asd_Subj_104_part_102,test,ok,30
test_asd_Subj_104_part_103,test,ok,30
test_asd_Subj_104_part_104,test,ok,30
test_asd_Subj_104_part_105,test,ok,30
test_asd_Subj_104_part_106,test,ok,30
test_asd_Subj_104_part_107,test,ok,30
test_asd_Subj_104_part_108,test,ok,30
test_asd_Subj_104_part_109,test,ok,30
test_asd_Subj_104_part_11,test,ok,30
test_asd_Subj_104_part_110,test,ok,30
test_asd_Subj_104_part_111,test,ok,30
test_asd_Subj_104_part_112,test,ok,30
test_asd_Subj_104_part_113,test,ok,30
test_asd_Subj_104_part_114,test,ok,30
test_asd_Subj_104_part_115,test,ok,30
test_asd_Subj_104_part_116,test,ok,30
test_asd_Subj_105_part_1,test,ok,30
test_asd_Subj_105_part_10,test,ok,30
test_asd_Subj_105_part_100,test,ok,30
test_asd_Subj_105_part_101,test,ok,30
test_asd_Subj_105_part_102,test,ok,30
test_asd_Subj_105_part_103,test,ok,30
test_asd_Subj_105_part_104,test,ok,30
test_asd_Subj_105_part_105,test,ok,30
test_asd_Subj_105_part_106,test,ok,30
test_asd_Subj_105_part_107,test,ok,30
test_asd_Subj_105_part_108,test,ok,30
test_asd_Subj_105_part_109,test,ok,30
test_asd_Subj_105_part_11,test,ok,30
test_asd_Subj_105_part_110,test,ok,30
test_asd_Subj_105_part_111,test,ok,30
test_asd_Subj_105_part_112,test,ok,30
test_asd_Subj_105_part_113,test,ok,30
test_asd_Subj_105_part_114,test,ok,30
test_asd_Subj_105_part_115,test,ok,30
test_asd_Subj_105_part_116,test,ok,30
test_asd_Subj_106_part_1,test,ok,30
test_asd_Subj_106_part_10,test,ok,30
test_asd_Subj_106_part_100,test,ok,30
test_asd_Subj_106_part_101,test,ok,30
test_asd_Subj_106_part_102,test,ok,30
test_asd_Subj_106_part_103,test,ok,30
test_asd_Subj_106_part_104,test,ok,30
test_asd_Subj_106_part_105,test,ok,30
test_asd_Subj_106_part_106,test,ok,30
test_asd_Subj_106_part_107,test,ok,30
test_asd_Subj_106_part_108,test,ok,30
test_asd_Subj_106_part_109,test,ok,30
test_asd_Subj_106_part_11,test,ok,30
test_asd_Subj_106_part_110,test,ok,30
test_asd_Subj_106_part_111,test,ok,30
test_asd_Subj_106_part_112,test,ok,30
test_asd_Subj_106_part_113,test,ok,30
test_asd_Subj_106_part_114,test,ok,30
test_asd_Subj_106_part_115,test,ok,30
test_asd_Subj_106_part_116,test,ok,30
test_asd_Subj_107_part_1,test,ok,30
test_asd_Subj_107_part_10,test,ok,30
test_asd_Subj_107_part_100,test,ok,30
test_asd_Subj_107_part_101,test,ok,30
test_asd_Subj_107_part_102,test,ok,30
test_asd_Subj_107_part_103,test,ok,30
test_asd_Subj_107_part_104,test,ok,30
test_asd_Subj_107_part_105,test,ok,30
test_asd_Subj_107_part_106,test,ok,30
test_asd_Subj_107_part_107,test,ok,30
test_asd_Subj_107_part_108,test,ok,30
test_asd_Subj_107_part_109,test,ok,30
test_asd_Subj_107_part_11,test,ok,30
test_asd_Subj_107_part_110,test,ok,30
test_asd_Subj_107_part_111,test,ok,30
test_asd_Subj_107_part_112,test,ok,30
test_asd_Subj_107_part_113,test,ok,30
test_asd_Subj_107_part_114,test,ok,30
test_asd_Subj_107_part_115,test,ok,30
test_asd_Subj_107_part_116,test,ok,30
test_asd_Subj_108_part_1,test,ok,30
test_asd_Subj_108_part_10,test,ok,30
test_asd_Subj_108_part_100,test,ok,30
test_asd_Subj_108_part_101,test,ok,30
test_asd_Subj_108_part_102,test,ok,30
test_asd_Subj_108_part_103,test,ok,30
test_asd_Subj_108_part_104,test,ok,30
test_asd_Subj_108_part_105,test,ok,30
test_asd_Subj_108_part_106,test,ok,30
test_asd_Subj_108_part_107,test,ok,30
test_asd_Subj_108_part_108,test,ok,30
test_asd_Subj_108_part_109,test,ok,30
test_asd_Subj_108_part_11,test,ok,30
test_asd_Subj_108_part_110,test,ok,30
test_asd_Subj_108_part_111,test,ok,30
test_asd_Subj_108_part_112,test,ok,30
test_asd_Subj_108_part_113,test,ok,30
test_asd_Subj_108_part_114,test,ok,30
test_asd_Subj_108_part_115,test,ok,30
test_asd_Subj_108_part_116,test,ok,30
test_asd_Subj_109_part_1,test,ok,30
test_asd_Subj_109_part_10,test,ok,30
test_asd_Subj_109_part_100,test,ok,30
test_asd_Subj_109_part_101,test,ok,30
test_asd_Subj_109_part_102,test,ok,30
test_asd_Subj_109_part_103,test,ok,30
test_asd_Subj_109_part_104,test,ok,30
test_asd_Subj_109_part_105,test,ok,30
test_asd_Subj_109_part_106,test,ok,30
test_asd_Subj_109_part_107,test,ok,30
test_asd_Subj_109_part_108,test,ok,30
test_asd_Subj_109_part_109,test,ok,30
test_asd_Subj_109_part_11,test,ok,30
test_asd_Subj_109_part_110,test,ok,30
test_asd_Subj_109_part_111,test,ok,30
test_asd_Subj_109_part_112,test,ok,30
test_asd_Subj_109_part_113,test,ok,30
test_asd_Subj_109_part_114,test,ok,30
test_asd_Subj_109_part_115,test,ok,30
test_asd_Subj_109_part_116,test,ok,30
test_asd_Subj_110_part_1,test,ok,30
test_asd_Subj_110_part_10,test,ok,30
test_asd_Subj_110_part_100,test,ok,30
test_asd_Subj_110_part_101,test,ok,30
test_asd_Subj_110_part_102,test,ok,30
test_asd_Subj_110_part_103,test,ok,30
test_asd_Subj_110_part_104,test,ok,30
test_asd_Subj_110_part_105,test,ok,30
test_asd_Subj_110_part_106,test,ok,30
test_asd_Subj_110_part_107,test,ok,30
test_asd_Subj_110_part_108,test,ok,30
test_asd_Subj_110_part_109,test,ok,30
test_asd_Subj_110_part_11,test,ok,30
test_asd_Subj_110_part_110,test,ok,30
test_asd_Subj_110_part_111,test,ok,30
test_asd_Subj_110_part_112,test,ok,30
test_asd_Subj_110_part_113,test,ok,30
test_asd_Subj_110_part_114,test,ok,30
test_asd_Subj_110_part_115,test,ok,30
test_asd_Subj_110_part_116,test,ok,30
test_asd_Subj_111_part_1,test,ok,30
test_asd_Subj_111_part_10,test,ok,30
test_asd_Subj_111_part_100,test,ok,30
test_asd_Subj_111_part_101,test,ok,30
test_asd_Subj_111_part_102,test,ok,30
test_asd_Subj_111_part_103,test,ok,30
test_asd_Subj_111_part_104,test,ok,30
test_asd_Subj_111_part_105,test,ok,30
test_asd_Subj_111_part_106,test,ok,30
test_asd_Subj_111_part_107,test,ok,30
test_asd_Subj_111_part_108,test,ok,30
test_asd_Subj_111_part_109,test,ok,30
test_asd_Subj_111_part_11,test,ok,30
test_asd_Subj_111_part_110,test,ok,30
test_asd_Subj_111_part_111,test,ok,30
test_asd_Subj_111_part_112,test,ok,30
test_asd_Subj_111_part_113,test,ok,30
test_asd_Subj_111_part_114,test,ok,30
test_asd_Subj_111_part_115,test,ok,30
test_asd_Subj_111_part_116,test,ok,30
test_asd_Subj_112_part_1,test,ok,30
test_asd_Subj_112_part_10,test,ok,30
test_asd_Subj_112_part_100,test,ok,30
test_asd_Subj_112_part_101,test,ok,30
test_asd_Subj_112_part_102,test,ok,30
test_asd_Subj_112_part_103,test,ok,30
test_asd_Subj_112_part_104,test,ok,30
test_asd_Subj_112_part_105,test,ok,30
test_asd_Subj_112_part_106,test,ok,30
test_asd_Subj_112_part_107,test,ok,30
test_asd_Subj_112_part_108,test,ok,30
test_asd_Subj_112_part_109,test,ok,30
test_asd_Subj_112_part_11,test,ok,30
test_asd_Subj_112_part_110,test,ok,30
test_asd_Subj_112_part_111,test,ok,30
test_asd_Subj_112_part_112,test,ok,30
test_asd_Subj_112_part_113,test,ok,30
test_asd_Subj_112_part_114,test,ok,30
test_asd_Subj_112_part_115,test,ok,30
test_asd_Subj_112_part_116,test,ok,30
test_asd_Subj_113_part_1,test,ok,30
test_asd_Subj_113_part_10,test,ok,30
test_asd_Subj_113_part_100,test,ok,30
test_asd_Subj_113_part_101,test,ok,30
test_asd_Subj_113_part_102,test,ok,30
test_asd_Subj_113_part_103,test,ok,30
test_asd_Subj_113_part_104,test,ok,30
test_asd_Subj_113_part_105,test,ok,30
test_asd_Subj_113_part_106,test,ok,30
test_asd_Subj_113_part_107,test,ok,30
test_asd_Subj_113_part_108,test,ok,30
test_asd_Subj_113_part_109,test,ok,30
test_asd_Subj_113_part_11,test,ok,30
test_asd_Subj_113_part_110,test,ok,30
test_asd_Subj_113_part_111,test,ok,30
test_asd_Subj_113_part_112,test,ok,30
test_asd_Subj_113_part_113,test,ok,30
test_asd_Subj_113_part_114,test,ok,30
test_asd_Subj_113_part_115,test,ok,30
test_asd_Subj_113_part_116,test,ok,30
test_asd_Subj_114_part_1,test,ok,30
test_asd_Subj_114_part_10,test,ok,30
test_asd_Subj_114_part_100,test,ok,30
test_asd_Subj_114_part_101,test,ok,30
test_asd_Subj_114_part_102,test,ok,30
test_asd_Subj_114_part_103,test,ok,30
test_asd_Subj_114_part_104,test,ok,30
test_asd_Subj_114_part_105,test,ok,30
test_asd_Subj_114_part_106,test,ok,30
test_asd_Subj_114_part_107,test,ok,30
test_asd_Subj_114_part_108,test,ok,30
test_asd_Subj_114_part_109,test,ok,30
test_asd_Subj_114_part_11,test,ok,30
test_asd_Subj_114_part_110,test,ok,30
test_asd_Subj_114_part_111,test,ok,30
test_asd_Subj_114_part_112,test,ok,30
test_asd_Subj_114_part_113,test,ok,30
test_asd_Subj_114_part_114,test,ok,30
test_asd_Subj_114_part_115,test,ok,30
test_asd_Subj_114_part_116,test,ok,30
test_asd_Subj_115_part_1,test,ok,30
test_asd_Subj_115_part_10,test,ok,30
test_asd_Subj_115_part_100,test,ok,30
test_asd_Subj_115_part_101,test,ok,30
test_asd_Subj_115_part_102,test,ok,30
test_asd_Subj_115_part_103,test,ok,30
test_asd_Subj_115_part_104,test,ok,30
test_asd_Subj_115_part_105,test,ok,30
test_asd_Subj_115_part_106,test,ok,30
test_asd_Subj_115_part_107,test,ok,30
test_asd_Subj_115_part_108,test,ok,30
test_asd_Subj_115_part_109,test,ok,30
test_asd_Subj_115_part_11,test,ok,30
test_asd_Subj_115_part_110,test,ok,30
test_asd_Subj_115_part_111,test,ok,30
test_asd_Subj_115_part_112,test,ok,30
test_asd_Subj_115_part_113,test,ok,30
test_asd_Subj_115_part_114,test,ok,30
test_asd_Subj_115_part_115,test,ok,30
test_asd_Subj_115_part_116,test,ok,30
test_asd_Subj_116_part_1,test,ok,30
test_asd_Subj_116_part_10,test,ok,30
test_asd_Subj_116_part_100,test,ok,30
test_asd_Subj_116_part_101,test,ok,30
test_asd_Subj_116_part_102,test,ok,30
test_asd_Subj_116_part_103,test,ok,30
test_asd_Subj_116_part_104,test,ok,30
test_asd_Subj_116_part_105,test,ok,30
test_asd_Subj_116_part_106,test,ok,30
test_asd_Subj_116_part_107,test,ok,30
test_asd_Subj_116_part_108,test,ok,30
test_asd_Subj_116_part_109,test,ok,30
test_asd_Subj_116_part_11,test,ok,30
test_asd_Subj_116_part_110,test,ok,30
test_asd_Subj_116_part_111,test,ok,30
test_asd_Subj_116_part_112,test,ok,30
test_asd_Subj_116_part_113,test,ok,30
test_asd_Subj_116_part_114,test,ok,30
test_asd_Subj_116_part_115,test,ok,30
test_asd_Subj_116_part_116,test,ok,30
test_asd_Subj_117_part_1,test,ok,30
test_asd_Subj_117_part_10,test,ok,30
test_asd_Subj_117_part_100,test,ok,30
test_asd_Subj_117_part_101,test,ok,30
test_asd_Subj_117_part_102,test,ok,30
test_asd_Subj_117_part_103,test,ok,30
test_asd_Subj_117_part_104,test,ok,30
test_asd_Subj_117_part_105,test,ok,30
test_asd_Subj_117_part_106,test,ok,30
test_asd_Subj_117_part_107,test,ok,30
test_asd_Subj_117_part_108,test,ok,30
test_asd_Subj_117_part_109,test,ok,30
test_asd_Subj_117_part_11,test,ok,30
test_asd_Subj_117_part_110,test,ok,30
test_asd_Subj_117_part_111,test,ok,30
test_asd_Subj_117_part_112,test,ok,30
test_asd_Subj_117_part_113,test,ok,30
test_asd_Subj_117_part_114,test,ok,30
test_asd_Subj_117_part_115,test,ok,30
test_asd_Subj_117_part_116,test,ok,30
test_asd_Subj_118_part_1,test,ok,30
test_asd_Subj_118_part_10,test,ok,30
test_asd_Subj_118_part_100,test,ok,30
test_asd_Subj_118_part_101,test,ok,30
test_asd_Subj_118_part_102,test,ok,30
test_asd_Subj_118_part_103,test,ok,30
test_asd_Subj_118_part_104,test,ok,30
test_asd_Subj_118_part_105,test,ok,30
test_asd_Subj_118_part_106,test,ok,30
test_asd_Subj_118_part_107,test,ok,30
test_asd_Subj_118_part_108,test,ok,30
test_asd_Subj_118_part_109,test,ok,30
test_asd_Subj_118_part_11,test,ok,30
test_asd_Subj_118_part_110,test,ok,30
test_asd_Subj_118_part_111,test,ok,30
test_asd_Subj_118_part_112,test,ok,30
test_asd_Subj_118_part_113,test,ok,30
test_asd_Subj_118_part_114,test,ok,30
test_asd_Subj_118_part_115,test,ok,30
test_asd_Subj_118_part_116,test,ok,30
test_asd_Subj_119_part_1,test,ok,30
test_asd_Subj_119_part_10,test,ok,30
test_asd_Subj_119_part_100,test,ok,30
test_asd_Subj_119_part_101,test,ok,30
test_asd_Subj_119_part_102,test,ok,30
test_asd_Subj_119_part_103,test,ok,30
test_asd_Subj_119_part_104,test,ok,30
test_asd_Subj_119_part_105,test,ok,30
test_asd_Subj_119_part_106,test,ok,30
test_asd_Subj_119_part_107,test,ok,30
test_asd_Subj_119_part_108,test,ok,30
test_asd_Subj_119_part_109,test,ok,30
test_asd_Subj_119_part_11,test,ok,30
test_asd_Subj_119_part_110,test,ok,30
test_asd_Subj_119_part_111,test,ok,30
test_asd_Subj_119_part_112,test,ok,30
test_asd_Subj_119_part_113,test,ok,30
test_asd_Subj_119_part_114,test,ok,30
test_asd_Subj_119_part_115,test,ok,30
test_asd_Subj_119_part_116,test,ok,30
test_asd_Subj_120_part_1,test,ok,30
test_asd_Subj_120_part_10,test,ok,30
test_asd_Subj_120_part_100,test,ok,30
test_asd_Subj_120_part_101,test,ok,30
test_asd_Subj_120_part_102,test,ok,30
test_asd_Subj_120_part_103,test,ok,30
test_asd_Subj_120_part_104,test,ok,30
test_asd_Subj_120_part_105,test,ok,30
test_asd_Subj_120_part_106,test,ok,30
test_asd_Subj_120_part_107,test,ok,30
test_asd_Subj_120_part_108,test,ok,30
test_asd_Subj_120_part_109,test,ok,30
test_asd_Subj_120_part_11,test,ok,30
test_asd_Subj_120_part_110,test,ok,30
test_asd_Subj_120_part_111,test,ok,30
test_asd_Subj_120_part_112,test,ok,30
test_asd_Subj_120_part_113,test,ok,30
test_asd_Subj_120_part_114,test,ok,30
test_asd_Subj_120_part_115,test,ok,30
test_asd_Subj_120_part_116,test,ok,30
test_asd_Subj_81_part_1,test,ok,30
test_asd_Subj_81_part_10,test,ok,30
test_asd_Subj_81_part_101,test,ok,30
test_asd_Subj_81_part_102,test,ok,30
test_asd_Subj_81_part_103,test,ok,30
test_asd_Subj_81_part_104,test,ok,30
test_asd_Subj_81_part_105,test,ok,30
test_asd_Subj_81_part_106,test,ok,30
test_asd_Subj_81_part_107,test,ok,30
test_asd_Subj_81_part_108,test,ok,30
test_asd_Subj_81_part_109,test,ok,30
test_asd_Subj_81_part_11,test,ok,30
test_asd_Subj_81_part_110,test,ok,30
test_asd_Subj_81_part_111,test,ok,30
test_asd_Subj_81_part_112,test,ok,30
test_asd_Subj_81_part_113,test,ok,30
test_asd_Subj_81_part_114,test,ok,30
test_asd_Subj_81_part_115,test,ok,30
test_asd_Subj_81_part_116,test,ok,30
test_asd_Subj_81_part_117,test,ok,30
test_asd_Subj_82_part_1,test,ok,30
test_asd_Subj_82_part_10,test,ok,30
test_asd_Subj_82_part_100,test,ok,30
test_asd_Subj_82_part_101,test,ok,30
test_asd_Subj_82_part_102,test,ok,30
test_asd_Subj_82_part_103,test,ok,30
test_asd_Subj_82_part_104,test,ok,30
test_asd_Subj_82_part_105,test,ok,30
test_asd_Subj_82_part_106,test,ok,30
test_asd_Subj_82_part_107,test,ok,30
test_asd_Subj_82_part_108,test,ok,30
test_asd_Subj_82_part_109,test,ok,30
test_asd_Subj_82_part_11,test,ok,30
test_asd_Subj_82_part_110,test,ok,30
test_asd_Subj_82_part_111,test,ok,30
test_asd_Subj_82_part_112,test,ok,30
test_asd_Subj_82_part_113,test,ok,30
test_asd_Subj_82_part_114,test,ok,30
test_asd_Subj_82_part_115,test,ok,30
test_asd_Subj_82_part_116,test,ok,30
test_asd_Subj_83_part_1,test,ok,30
test_asd_Subj_83_part_10,test,ok,30
test_asd_Subj_83_part_100,test,ok,30
test_asd_Subj_83_part_101,test,ok,30
test_asd_Subj_83_part_102,test,ok,30
test_asd_Subj_83_part_103,test,ok,30
test_asd_Subj_83_part_104,test,ok,30
test_asd_Subj_83_part_105,test,ok,30
test_asd_Subj_83_part_106,test,ok,30
test_asd_Subj_83_part_107,test,ok,30
test_asd_Subj_83_part_108,test,ok,30
test_asd_Subj_83_part_109,test,ok,30
test_asd_Subj_83_part_11,test,ok,30
test_asd_Subj_83_part_110,test,ok,30
test_asd_Subj_83_part_111,test,ok,30
test_asd_Subj_83_part_112,test,ok,30
test_asd_Subj_83_part_113,test,ok,30
test_asd_Subj_83_part_114,test,ok,30
test_asd_Subj_83_part_115,test,ok,30
test_asd_Subj_83_part_116,test,ok,30
test_asd_Subj_84_part_1,test,ok,30
test_asd_Subj_84_part_10,test,ok,30
test_asd_Subj_84_part_100,test,ok,30
test_asd_Subj_84_part_101,test,ok,30
test_asd_Subj_84_part_102,test,ok,30
test_asd_Subj_84_part_103,test,ok,30
test_asd_Subj_84_part_104,test,ok,30
test_asd_Subj_84_part_105,test,ok,30
test_asd_Subj_84_part_106,test,ok,30
test_asd_Subj_84_part_107,test,ok,30
test_asd_Subj_84_part_108,test,ok,30
test_asd_Subj_84_part_109,test,ok,30
test_asd_Subj_84_part_11,test,ok,30
test_asd_Subj_84_part_110,test,ok,30
test_asd_Subj_84_part_111,test,ok,30
test_asd_Subj_84_part_112,test,ok,30
test_asd_Subj_84_part_113,test,ok,30
test_asd_Subj_84_part_114,test,ok,30
test_asd_Subj_84_part_115,test,ok,30
test_asd_Subj_84_part_116,test,ok,30
test_asd_Subj_85_part_1,test,ok,30
test_asd_Subj_85_part_10,test,ok,30
test_asd_Subj_85_part_100,test,ok,30
test_asd_Subj_85_part_101,test,ok,30
test_asd_Subj_85_part_102,test,ok,30
test_asd_Subj_85_part_103,test,ok,30
test_asd_Subj_85_part_104,test,ok,30
test_asd_Subj_85_part_105,test,ok,30
test_asd_Subj_85_part_106,test,ok,30
test_asd_Subj_85_part_107,test,ok,30
test_asd_Subj_85_part_108,test,ok,30
test_asd_Subj_85_part_109,test,ok,30
test_asd_Subj_85_part_11,test,ok,30
test_asd_Subj_85_part_110,test,ok,30
test_asd_Subj_85_part_111,test,ok,30
test_asd_Subj_85_part_112,test,ok,30
test_asd_Subj_85_part_113,test,ok,30
test_asd_Subj_85_part_114,test,ok,30
test_asd_Subj_85_part_115,test,ok,30
test_asd_Subj_85_part_116,test,ok,30
test_asd_Subj_86_part_1,test,ok,30
test_asd_Subj_86_part_10,test,ok,30
test_asd_Subj_86_part_100,test,ok,30
test_asd_Subj_86_part_101,test,ok,30
test_asd_Subj_86_part_102,test,ok,30
test_asd_Subj_86_part_11,test,ok,30
test_asd_Subj_86_part_110,test,ok,30
test_asd_Subj_86_part_111,test,ok,30
test_asd_Subj_86_part_112,test,ok,30
test_asd_Subj_86_part_114,test,ok,30
test_asd_Subj_86_part_116,test,ok,30
test_asd_Subj_86_part_117,test,ok,30
test_asd_Subj_86_part_118,test,ok,30
test_asd_Subj_86_part_119,test,ok,30
test_asd_Subj_86_part_12,test,ok,30
test_asd_Subj_86_part_120,test,ok,30
test_asd_Subj_86_part_121,test,ok,30
test_asd_Subj_86_part_13,test,ok,30
test_asd_Subj_86_part_14,test,ok,30
test_asd_Subj_86_part_15,test,ok,30
test_asd_Subj_87_part_1,test,ok,30
test_asd_Subj_87_part_10,test,ok,30
test_asd_Subj_87_part_100,test,ok,30
test_asd_Subj_87_part_101,test,ok,30
test_asd_Subj_87_part_102,test,ok,30
test_asd_Subj_87_part_103,test,ok,30
test_asd_Subj_87_part_104,test,ok,30
test_asd_Subj_87_part_105,test,ok,30
test_asd_Subj_87_part_106,test,ok,30
test_asd_Subj_87_part_107,test,ok,30
test_asd_Subj_87_part_108,test,ok,30
test_asd_Subj_87_part_109,test,ok,30
test_asd_Subj_87_part_11,test,ok,30
test_asd_Subj_87_part_110,test,ok,30
test_asd_Subj_87_part_111,test,ok,30
test_asd_Subj_87_part_112,test,ok,30
test_asd_Subj_87_part_113,test,ok,30
test_asd_Subj_87_part_114,test,ok,30
test_asd_Subj_87_part_115,test,ok,30
test_asd_Subj_87_part_116,test,ok,30
test_asd_Subj_88_part_1,test,ok,30
test_asd_Subj_88_part_10,test,ok,30
test_asd_Subj_88_part_100,test,ok,30
test_asd_Subj_88_part_101,test,ok,30
test_asd_Subj_88_part_102,test,ok,30
test_asd_Subj_88_part_103,test,ok,30
test_asd_Subj_88_part_104,test,ok,30
test_asd_Subj_88_part_105,test,ok,30
test_asd_Subj_88_part_106,test,ok,30
test_asd_Subj_88_part_107,test,ok,30
test_asd_Subj_88_part_108,test,ok,30
test_asd_Subj_88_part_109,test,ok,30
test_asd_Subj_88_part_11,test,ok,30
test_asd_Subj_88_part_110,test,ok,30
test_asd_Subj_88_part_111,test,ok,30
test_asd_Subj_88_part_112,test,ok,30
test_asd_Subj_88_part_113,test,ok,30
test_asd_Subj_88_part_114,test,ok,30
test_asd_Subj_88_part_115,test,ok,30
test_asd_Subj_88_part_116,test,ok,30
test_asd_Subj_89_part_1,test,ok,30
test_asd_Subj_89_part_10,test,ok,30
test_asd_Subj_89_part_100,test,ok,30
test_asd_Subj_89_part_101,test,ok,30
test_asd_Subj_89_part_102,test,ok,30
test_asd_Subj_89_part_103,test,ok,30
test_asd_Subj_89_part_104,test,ok,30
test_asd_Subj_89_part_105,test,ok,30
test_asd_Subj_89_part_106,test,ok,30
test_asd_Subj_89_part_107,test,ok,30
test_asd_Subj_89_part_108,test,ok,30
test_asd_Subj_89_part_109,test,ok,30
test_asd_Subj_89_part_11,test,ok,30
test_asd_Subj_89_part_110,test,ok,30
test_asd_Subj_89_part_111,test,ok,30
test_asd_Subj_89_part_112,test,ok,30
test_asd_Subj_89_part_113,test,ok,30
test_asd_Subj_89_part_114,test,ok,30
test_asd_Subj_89_part_115,test,ok,30
test_asd_Subj_89_part_116,test,ok,30
test_asd_Subj_90_part_1,test,ok,30
test_asd_Subj_90_part_10,test,ok,30
test_asd_Subj_90_part_100,test,ok,30
test_asd_Subj_90_part_101,test,ok,30
test_asd_Subj_90_part_102,test,ok,30
test_asd_Subj_90_part_103,test,ok,30
test_asd_Subj_90_part_104,test,ok,30
test_asd_Subj_90_part_105,test,ok,30
test_asd_Subj_90_part_106,test,ok,30
test_asd_Subj_90_part_107,test,ok,30
test_asd_Subj_90_part_108,test,ok,30
test_asd_Subj_90_part_109,test,ok,30
test_asd_Subj_90_part_11,test,ok,30
test_asd_Subj_90_part_110,test,ok,30
test_asd_Subj_90_part_111,test,ok,30
test_asd_Subj_90_part_112,test,ok,30
test_asd_Subj_90_part_113,test,ok,30
test_asd_Subj_90_part_114,test,ok,30
test_asd_Subj_90_part_115,test,ok,30
test_asd_Subj_90_part_116,test,ok,30
test_asd_Subj_91_part_1,test,ok,30
test_asd_Subj_91_part_10,test,ok,30
test_asd_Subj_91_part_100,test,ok,30
test_asd_Subj_91_part_101,test,ok,30
test_asd_Subj_91_part_102,test,ok,30
test_asd_Subj_91_part_103,test,ok,30
test_asd_Subj_91_part_104,test,ok,30
test_asd_Subj_91_part_105,test,ok,30
test_asd_Subj_91_part_106,test,ok,30
test_asd_Subj_91_part_107,test,ok,30
test_asd_Subj_91_part_108,test,ok,30
test_asd_Subj_91_part_109,test,ok,30
test_asd_Subj_91_part_11,test,ok,30
test_asd_Subj_91_part_110,test,ok,30
test_asd_Subj_91_part_111,test,ok,30
test_asd_Subj_91_part_112,test,ok,30
test_asd_Subj_91_part_113,test,ok,30
test_asd_Subj_91_part_114,test,ok,30
test_asd_Subj_91_part_115,test,ok,30
test_asd_Subj_91_part_116,test,ok,30
test_asd_Subj_92_part_1,test,ok,30
test_asd_Subj_92_part_10,test,ok,30
test_asd_Subj_92_part_100,test,ok,30
test_asd_Subj_92_part_101,test,ok,30
test_asd_Subj_92_part_102,test,ok,30
test_asd_Subj_92_part_103,test,ok,30
test_asd_Subj_92_part_104,test,ok,30
test_asd_Subj_92_part_105,test,ok,30
test_asd_Subj_92_part_106,test,ok,30
test_asd_Subj_92_part_107,test,ok,30
test_asd_Subj_92_part_108,test,ok,30
test_asd_Subj_92_part_109,test,ok,30
test_asd_Subj_92_part_11,test,ok,30
test_asd_Subj_92_part_110,test,ok,30
test_asd_Subj_92_part_111,test,ok,30
test_asd_Subj_92_part_112,test,ok,30
test_asd_Subj_92_part_113,test,ok,30
test_asd_Subj_92_part_114,test,ok,30
test_asd_Subj_92_part_115,test,ok,30
test_asd_Subj_92_part_116,test,ok,30
test_asd_Subj_93_part_1,test,ok,30
test_asd_Subj_93_part_10,test,ok,30
test_asd_Subj_93_part_100,test,ok,30
test_asd_Subj_93_part_101,test,ok,30
test_asd_Subj_93_part_102,test,ok,30
test_asd_Subj_93_part_103,test,ok,30
test_asd_Subj_93_part_104,test,ok,30
test_asd_Subj_93_part_105,test,ok,30
test_asd_Subj_93_part_106,test,ok,30
test_asd_Subj_93_part_107,test,ok,30
test_asd_Subj_93_part_108,test,ok,30
test_asd_Subj_93_part_109,test,ok,30
test_asd_Subj_93_part_11,test,ok,30
test_asd_Subj_93_part_110,test,ok,30
test_asd_Subj_93_part_111,test,ok,30
test_asd_Subj_93_part_112,test,ok,30
test_asd_Subj_93_part_113,test,ok,30
test_asd_Subj_93_part_114,test,ok,30
test_asd_Subj_93_part_115,test,ok,30
test_asd_Subj_93_part_116,test,ok,30
test_asd_Subj_94_part_1,test,ok,30
test_asd_Subj_94_part_10,test,ok,30
test_asd_Subj_94_part_100,test,ok,30
test_asd_Subj_94_part_101,test,ok,30
test_asd_Subj_94_part_102,test,ok,30
test_asd_Subj_94_part_103,test,ok,30
test_asd_Subj_94_part_104,test,ok,30
test_asd_Subj_94_part_105,test,ok,30
test_asd_Subj_94_part_106,test,ok,30
test_asd_Subj_94_part_107,test,ok,30
test_asd_Subj_94_part_108,test,ok,30
test_asd_Subj_94_part_109,test,ok,30
test_asd_Subj_94_part_11,test,ok,30
test_asd_Subj_94_part_110,test,ok,30
test_asd_Subj_94_part_111,test,ok,30
test_asd_Subj_94_part_112,test,ok,30
test_asd_Subj_94_part_113,test,ok,30
test_asd_Subj_94_part_114,test,ok,30
test_asd_Subj_94_part_115,test,ok,30
test_asd_Subj_94_part_116,test,ok,30
test_asd_Subj_95_part_1,test,ok,30
test_asd_Subj_95_part_10,test,ok,30
test_asd_Subj_95_part_100,test,ok,30
test_asd_Subj_95_part_101,test,ok,30
test_asd_Subj_95_part_102,test,ok,30
test_asd_Subj_95_part_103,test,ok,30
test_asd_Subj_95_part_104,test,ok,30
test_asd_Subj_95_part_105,test,ok,30
test_asd_Subj_95_part_106,test,ok,30
test_asd_Subj_95_part_107,test,ok,30
test_asd_Subj_95_part_108,test,ok,30
test_asd_Subj_95_part_109,test,ok,30
test_asd_Subj_95_part_11,test,ok,30
test_asd_Subj_95_part_110,test,ok,30
test_asd_Subj_95_part_111,test,ok,30
test_asd_Subj_95_part_112,test,ok,30
test_asd_Subj_95_part_113,test,ok,30
test_asd_Subj_95_part_114,test,ok,30
test_asd_Subj_95_part_115,test,ok,30
test_asd_Subj_95_part_116,test,ok,30
test_asd_Subj_96_part_1,test,ok,30
test_asd_Subj_96_part_10,test,ok,30
test_asd_Subj_96_part_100,test,ok,30
test_asd_Subj_96_part_101,test,ok,30
test_asd_Subj_96_part_102,test,ok,30
test_asd_Subj_96_part_103,test,ok,30
test_asd_Subj_96_part_104,test,ok,30
test_asd_Subj_96_part_105,test,ok,30
test_asd_Subj_96_part_106,test,ok,30
test_asd_Subj_96_part_107,test,ok,30
test_asd_Subj_96_part_108,test,ok,30
test_asd_Subj_96_part_109,test,ok,30
test_asd_Subj_96_part_11,test,ok,30
test_asd_Subj_96_part_110,test,ok,30
test_asd_Subj_96_part_111,test,ok,30
test_asd_Subj_96_part_112,test,ok,30
test_asd_Subj_96_part_113,test,ok,30
test_asd_Subj_96_part_114,test,ok,30
test_asd_Subj_96_part_115,test,ok,30
test_asd_Subj_96_part_116,test,ok,30
test_asd_Subj_97_part_1,test,ok,30
test_asd_Subj_97_part_10,test,ok,30
test_asd_Subj_97_part_100,test,ok,30
test_asd_Subj_97_part_101,test,ok,30
test_asd_Subj_97_part_102,test,ok,30
test_asd_Subj_97_part_103,test,ok,30
test_asd_Subj_97_part_104,test,ok,30
test_asd_Subj_97_part_105,test,ok,30
test_asd_Subj_97_part_106,test,ok,30
test_asd_Subj_97_part_107,test,ok,30
test_asd_Subj_97_part_108,test,ok,30
test_asd_Subj_97_part_109,test,ok,30
test_asd_Subj_97_part_11,test,ok,30
test_asd_Subj_97_part_110,test,ok,30
test_asd_Subj_97_part_111,test,ok,30
test_asd_Subj_97_part_112,test,ok,30
test_asd_Subj_97_part_113,test,ok,30
test_asd_Subj_97_part_114,test,ok,30
test_asd_Subj_97_part_115,test,ok,30
test_asd_Subj_97_part_116,test,ok,30
test_asd_Subj_98_part_1,test,ok,30
test_asd_Subj_98_part_10,test,ok,30
test_asd_Subj_98_part_100,test,ok,30
test_asd_Subj_98_part_101,test,ok,30
test_asd_Subj_98_part_102,test,ok,30
test_asd_Subj_98_part_103,test,ok,30
test_asd_Subj_98_part_104,test,ok,30
test_asd_Subj_98_part_105,test,ok,30
test_asd_Subj_98_part_106,test,ok,30
test_asd_Subj_98_part_107,test,ok,30
test_asd_Subj_98_part_108,test,ok,30
test_asd_Subj_98_part_109,test,ok,30
test_asd_Subj_98_part_11,test,ok,30
test_asd_Subj_98_part_110,test,ok,30
test_asd_Subj_98_part_111,test,ok,30
test_asd_Subj_98_part_112,test,ok,30
test_asd_Subj_98_part_113,test,ok,30
test_asd_Subj_98_part_114,test,ok,30
test_asd_Subj_98_part_115,test,ok,30
test_asd_Subj_98_part_116,test,ok,30
test_asd_Subj_99_part_1,test,ok,30
test_asd_Subj_99_part_10,test,ok,30
test_asd_Subj_99_part_100,test,ok,30
test_asd_Subj_99_part_101,test,ok,30
test_asd_Subj_99_part_102,test,ok,30
test_asd_Subj_99_part_103,test,ok,30
test_asd_Subj_99_part_104,test,ok,30
test_asd_Subj_99_part_105,test,ok,30
test_asd_Subj_99_part_106,test,ok,30
test_asd_Subj_99_part_107,test,ok,30
test_asd_Subj_99_part_108,test,ok,30
test_asd_Subj_99_part_109,test,ok,30
test_asd_Subj_99_part_11,test,ok,30
test_asd_Subj_99_part_110,test,ok,30
test_asd_Subj_99_part_111,test,ok,30
test_asd_Subj_99_part_112,test,ok,30
test_asd_Subj_99_part_113,test,ok,30
test_asd_Subj_99_part_114,test,ok,30
test_asd_Subj_99_part_115,test,ok,30
test_asd_Subj_99_part_116,test,ok,30
test_td_Subj_121_part_1,test,ok,30
test_td_Subj_121_part_10,test,ok,30
test_td_Subj_121_part_100,test,ok,30
test_td_Subj_121_part_101,test,ok,30
test_td_Subj_121_part_102,test,ok,30
test_td_Subj_121_part_103,test,ok,30
test_td_Subj_121_part_104,test,ok,30
test_td_Subj_121_part_105,test,ok,30
test_td_Subj_121_part_106,test,ok,30
test_td_Subj_121_part_107,test,ok,30
test_td_Subj_121_part_108,test,ok,30
test_td_Subj_121_part_109,test,ok,30
test_td_Subj_121_part_11,test,ok,30
test_td_Subj_121_part_110,test,ok,30
test_td_Subj_121_part_111,test,ok,30
test_td_Subj_121_part_112,test,ok,30
test_td_Subj_121_part_113,test,ok,30
test_td_Subj_121_part_114,test,ok,30
test_td_Subj_121_part_115,test,ok,30
test_td_Subj_121_part_116,test,ok,30
test_td_Subj_122_part_1,test,ok,30
test_td_Subj_122_part_10,test,ok,30
test_td_Subj_122_part_100,test,ok,30
test_td_Subj_122_part_101,test,ok,30
test_td_Subj_122_part_102,test,ok,30
test_td_Subj_122_part_103,test,ok,30
test_td_Subj_122_part_104,test,ok,30
test_td_Subj_122_part_105,test,ok,30
test_td_Subj_122_part_106,test,ok,30
test_td_Subj_122_part_107,test,ok,30
test_td_Subj_122_part_108,test,ok,30
test_td_Subj_122_part_109,test,ok,30
test_td_Subj_122_part_11,test,ok,30
test_td_Subj_122_part_110,test,ok,30
test_td_Subj_122_part_111,test,ok,30
test_td_Subj_122_part_112,test,ok,30
test_td_Subj_122_part_113,test,ok,30
test_td_Subj_122_part_114,test,ok,30
test_td_Subj_122_part_115,test,ok,30
test_td_Subj_122_part_116,test,ok,30
test_td_Subj_123_part_1,test,ok,30
test_td_Subj_123_part_10,test,ok,30
test_td_Subj_123_part_100,test,ok,30
test_td_Subj_123_part_101,test,ok,30
test_td_Subj_123_part_102,test,ok,30
test_td_Subj_123_part_103,test,ok,30
test_td_Subj_123_part_104,test,ok,30
test_td_Subj_123_part_105,test,ok,30
test_td_Subj_123_part_107,test,ok,30
test_td_Subj_123_part_108,test,ok,30
test_td_Subj_123_part_109,test,ok,30
test_td_Subj_123_part_11,test,ok,30
test_td_Subj_123_part_110,test,ok,30
test_td_Subj_123_part_111,test,ok,30
test_td_Subj_123_part_112,test,ok,30
test_td_Subj_123_part_113,test,ok,30
test_td_Subj_123_part_114,test,ok,30
test_td_Subj_123_part_115,test,ok,30
test_td_Subj_123_part_116,test,ok,30
test_td_Subj_123_part_117,test,ok,30
test_td_Subj_124_part_1,test,ok,30
test_td_Subj_124_part_10,test,ok,30
test_td_Subj_124_part_100,test,ok,30
test_td_Subj_124_part_101,test,ok,30
test_td_Subj_124_part_102,test,ok,30
test_td_Subj_124_part_103,test,ok,30
test_td_Subj_124_part_104,test,ok,30
test_td_Subj_124_part_105,test,ok,30
test_td_Subj_124_part_106,test,ok,30
test_td_Subj_124_part_107,test,ok,30
test_td_Subj_124_part_108,test,ok,30
test_td_Subj_124_part_109,test,ok,30
test_td_Subj_124_part_11,test,ok,30
test_td_Subj_124_part_110,test,ok,30
test_td_Subj_124_part_111,test,ok,30
test_td_Subj_124_part_112,test,ok,30
test_td_Subj_124_part_113,test,ok,30
test_td_Subj_124_part_114,test,ok,30
test_td_Subj_124_part_115,test,ok,30
test_td_Subj_124_part_116,test,ok,30
test_td_Subj_125_part_1,test,ok,30
test_td_Subj_125_part_10,test,ok,30
test_td_Subj_125_part_11,test,ok,30
test_td_Subj_125_part_12,test,ok,30
test_td_Subj_125_part_13,test,ok,30
test_td_Subj_125_part_14,test,ok,30
test_td_Subj_125_part_15,test,ok,30
test_td_Subj_125_part_16,test,ok,30
test_td_Subj_125_part_17,test,ok,30
test_td_Subj_125_part_18,test,ok,30
test_td_Subj_125_part_19,test,ok,30
test_td_Subj_125_part_2,test,ok,30
test_td_Subj_125_part_20,test,ok,30
test_td_Subj_125_part_21,test,ok,30
test_td_Subj_125_part_22,test,ok,30
test_td_Subj_125_part_23,test,ok,30
test_td_Subj_125_part_24,test,ok,30
test_td_Subj_125_part_25,test,ok,30
test_td_Subj_125_part_26,test,ok,30
test_td_Subj_125_part_27,test,ok,30
test_td_Subj_126_part_1,test,ok,30
test_td_Subj_126_part_10,test,ok,30
test_td_Subj_126_part_100,test,ok,30
test_td_Subj_126_part_101,test,ok,30
test_td_Subj_126_part_102,test,ok,30
test_td_Subj_126_part_103,test,ok,30
test_td_Subj_126_part_104,test,ok,30
test_td_Subj_126_part_105,test,ok,30
test_td_Subj_126_part_106,test,ok,30
test_td_Subj_126_part_107,test,ok,30
test_td_Subj_126_part_108,test,ok,30
test_td_Subj_126_part_109,test,ok,30
test_td_Subj_126_part_11,test,ok,30
test_td_Subj_126_part_110,test,ok,30
test_td_Subj_126_part_111,test,ok,30
test_td_Subj_126_part_112,test,ok,30
test_td_Subj_126_part_113,test,ok,30
test_td_Subj_126_part_114,test,ok,30
test_td_Subj_126_part_115,test,ok,30
test_td_Subj_126_part_116,test,ok,30
test_td_Subj_127_part_1,test,ok,30
test_td_Subj_127_part_10,test,ok,30
test_td_Subj_127_part_100,test,ok,30
test_td_Subj_127_part_101,test,ok,30
test_td_Subj_127_part_102,test,ok,30
test_td_Subj_127_part_103,test,ok,30
test_td_Subj_127_part_104,test,ok,30
test_td_Subj_127_part_105,test,ok,30
test_td_Subj_127_part_106,test,ok,30
test_td_Subj_127_part_107,test,ok,30
test_td_Subj_127_part_108,test,ok,30
test_td_Subj_127_part_109,test,ok,30
test_td_Subj_127_part_11,test,ok,30
test_td_Subj_127_part_110,test,ok,30
test_td_Subj_127_part_111,test,ok,30
test_td_Subj_127_part_112,test,ok,30
test_td_Subj_127_part_113,test,ok,30
test_td_Subj_127_part_114,test,ok,30
test_td_Subj_127_part_115,test,ok,30
test_td_Subj_127_part_116,test,ok,30
test_td_Subj_128_part_1,test,ok,30
test_td_Subj_128_part_10,test,ok,30
test_td_Subj_128_part_100,test,ok,30
test_td_Subj_128_part_101,test,ok,30
test_td_Subj_128_part_102,test,ok,30
test_td_Subj_128_part_103,test,ok,30
test_td_Subj_128_part_104,test,ok,30
test_td_Subj_128_part_105,test,ok,30
test_td_Subj_128_part_106,test,ok,30
test_td_Subj_128_part_107,test,ok,30
test_td_Subj_128_part_108,test,ok,30
test_td_Subj_128_part_109,test,ok,30
test_td_Subj_128_part_11,test,ok,30
test_td_Subj_128_part_110,test,ok,30
test_td_Subj_128_part_111,test,ok,30
test_td_Subj_128_part_112,test,ok,30
test_td_Subj_128_part_113,test,ok,30
test_td_Subj_128_part_114,test,ok,30
test_td_Subj_128_part_115,test,ok,30
test_td_Subj_128_part_116,test,ok,30
test_td_Subj_129_part_1,test,ok,30
test_td_Subj_129_part_10,test,ok,30
test_td_Subj_129_part_100,test,ok,30
test_td_Subj_129_part_101,test,ok,30
test_td_Subj_129_part_102,test,ok,30
test_td_Subj_129_part_103,test,ok,30
test_td_Subj_129_part_104,test,ok,30
test_td_Subj_129_part_105,test,ok,30
test_td_Subj_129_part_106,test,ok,30
test_td_Subj_129_part_107,test,ok,30
test_td_Subj_129_part_108,test,ok,30
test_td_Subj_129_part_109,test,ok,30
test_td_Subj_129_part_11,test,ok,30
test_td_Subj_129_part_110,test,ok,30
test_td_Subj_129_part_111,test,ok,30
test_td_Subj_129_part_112,test,ok,30
test_td_Subj_129_part_113,test,ok,30
test_td_Subj_129_part_114,test,ok,30
test_td_Subj_129_part_115,test,ok,30
test_td_Subj_129_part_116,test,ok,30
test_td_Subj_130_part_1,test,ok,30
test_td_Subj_130_part_10,test,ok,30
test_td_Subj_130_part_100,test,ok,30
test_td_Subj_130_part_101,test,ok,30
test_td_Subj_130_part_102,test,ok,30
test_td_Subj_130_part_103,test,ok,30
test_td_Subj_130_part_104,test,ok,30
test_td_Subj_130_part_105,test,ok,30
test_td_Subj_130_part_106,test,ok,30
test_td_Subj_130_part_107,test,ok,30
test_td_Subj_130_part_108,test,ok,30
test_td_Subj_130_part_109,test,ok,30
test_td_Subj_130_part_11,test,ok,30
test_td_Subj_130_part_110,test,ok,30
test_td_Subj_130_part_111,test,ok,30
test_td_Subj_130_part_112,test,ok,30
test_td_Subj_130_part_113,test,ok,30
test_td_Subj_130_part_114,test,ok,30
test_td_Subj_130_part_115,test,ok,30
test_td_Subj_130_part_116,test,ok,30
test_td_Subj_131_part_1,test,ok,30
test_td_Subj_131_part_10,test,ok,30
test_td_Subj_131_part_100,test,ok,30
test_td_Subj_131_part_101,test,ok,30
test_td_Subj_131_part_102,test,ok,30
test_td_Subj_131_part_103,test,ok,30
test_td_Subj_131_part_104,test,ok,30
test_td_Subj_131_part_105,test,ok,30
test_td_Subj_131_part_106,test,ok,30
test_td_Subj_131_part_107,test,ok,30
test_td_Subj_131_part_108,test,ok,30
test_td_Subj_131_part_109,test,ok,30
test_td_Subj_131_part_11,test,ok,30
test_td_Subj_131_part_110,test,ok,30
test_td_Subj_131_part_111,test,ok,30
test_td_Subj_131_part_112,test,ok,30
test_td_Subj_131_part_113,test,ok,30
test_td_Subj_131_part_114,test,ok,30
test_td_Subj_131_part_115,test,ok,30
test_td_Subj_131_part_116,test,ok,30
test_td_Subj_132_part_1,test,ok,30
test_td_Subj_132_part_10,test,ok,30
test_td_Subj_132_part_100,test,ok,30
test_td_Subj_132_part_101,test,ok,30
test_td_Subj_132_part_102,test,ok,30
test_td_Subj_132_part_103,test,ok,30
test_td_Subj_132_part_104,test,ok,30
test_td_Subj_132_part_105,test,ok,30
test_td_Subj_132_part_106,test,ok,30
test_td_Subj_132_part_107,test,ok,30
test_td_Subj_132_part_108,test,ok,30
test_td_Subj_132_part_109,test,ok,30
test_td_Subj_132_part_11,test,ok,30
test_td_Subj_132_part_110,test,ok,30
test_td_Subj_132_part_111,test,ok,30
test_td_Subj_132_part_112,test,ok,30
test_td_Subj_132_part_113,test,ok,30
test_td_Subj_132_part_114,test,ok,30
test_td_Subj_132_part_115,test,ok,30
test_td_Subj_132_part_116,test,ok,30
test_td_Subj_133_part_1,test,ok,30
test_td_Subj_133_part_10,test,ok,30
test_td_Subj_133_part_100,test,ok,30
test_td_Subj_133_part_101,test,ok,30
test_td_Subj_133_part_102,test,ok,30
test_td_Subj_133_part_103,test,ok,30
test_td_Subj_133_part_104,test,ok,30
test_td_Subj_133_part_105,test,ok,30
test_td_Subj_133_part_106,test,ok,30
test_td_Subj_133_part_107,test,ok,30
test_td_Subj_133_part_108,test,ok,30
test_td_Subj_133_part_109,test,ok,30
test_td_Subj_133_part_11,test,ok,30
test_td_Subj_133_part_110,test,ok,30
test_td_Subj_133_part_111,test,ok,30
test_td_Subj_133_part_112,test,ok,30
test_td_Subj_133_part_113,test,ok,30
test_td_Subj_133_part_114,test,ok,30
test_td_Subj_133_part_115,test,ok,30
test_td_Subj_133_part_116,test,ok,30
test_td_Subj_134_part_1,test,ok,30
test_td_Subj_134_part_10,test,ok,30
test_td_Subj_134_part_100,test,ok,30
test_td_Subj_134_part_101,test,ok,30
test_td_Subj_134_part_102,test,ok,30
test_td_Subj_134_part_103,test,ok,30
test_td_Subj_134_part_104,test,ok,30
test_td_Subj_134_part_105,test,ok,30
test_td_Subj_134_part_106,test,ok,30
test_td_Subj_134_part_107,test,ok,30
test_td_Subj_134_part_108,test,ok,30
test_td_Subj_134_part_109,test,ok,30
test_td_Subj_134_part_11,test,ok,30
test_td_Subj_134_part_110,test,ok,30
test_td_Subj_134_part_111,test,ok,30
test_td_Subj_134_part_112,test,ok,30
test_td_Subj_134_part_113,test,ok,30
test_td_Subj_134_part_114,test,ok,30
test_td_Subj_134_part_115,test,ok,30
test_td_Subj_134_part_116,test,ok,30
test_td_Subj_135_part_1,test,ok,30
test_td_Subj_135_part_10,test,ok,30
test_td_Subj_135_part_100,test,ok,30
test_td_Subj_135_part_101,test,ok,30
test_td_Subj_135_part_102,test,ok,30
test_td_Subj_135_part_103,test,ok,30
test_td_Subj_135_part_104,test,ok,30
test_td_Subj_135_part_105,test,ok,30
test_td_Subj_135_part_106,test,ok,30
test_td_Subj_135_part_107,test,ok,30
test_td_Subj_135_part_108,test,ok,30
test_td_Subj_135_part_109,test,ok,30
test_td_Subj_135_part_11,test,ok,30
test_td_Subj_135_part_110,test,ok,30
test_td_Subj_135_part_111,test,ok,30
test_td_Subj_135_part_112,test,ok,30
test_td_Subj_135_part_113,test,ok,30
test_td_Subj_135_part_114,test,ok,30
test_td_Subj_135_part_115,test,ok,30
test_td_Subj_135_part_116,test,ok,30
test_td_Subj_136_part_1,test,ok,30
test_td_Subj_136_part_10,test,ok,30
test_td_Subj_136_part_100,test,ok,30
test_td_Subj_136_part_101,test,ok,30
test_td_Subj_136_part_102,test,ok,30
test_td_Subj_136_part_103,test,ok,30
test_td_Subj_136_part_104,test,ok,30
test_td_Subj_136_part_105,test,ok,30
test_td_Subj_136_part_106,test,ok,30
test_td_Subj_136_part_107,test,ok,30
test_td_Subj_136_part_108,test,ok,30
test_td_Subj_136_part_109,test,ok,30
test_td_Subj_136_part_110,test,ok,30
test_td_Subj_136_part_111,test,ok,30
test_td_Subj_136_part_112,test,ok,30
test_td_Subj_136_part_113,test,ok,30
test_td_Subj_136_part_114,test,ok,30
test_td_Subj_136_part_115,test,ok,30
test_td_Subj_136_part_116,test,ok,30
test_td_Subj_136_part_117,test,ok,30
test_td_Subj_137_part_1,test,ok,30
test_td_Subj_137_part_10,test,ok,30
test_td_Subj_137_part_100,test,ok,30
test_td_Subj_137_part_101,test,ok,30
test_td_Subj_137_part_102,test,ok,30
test_td_Subj_137_part_103,test,ok,30
test_td_Subj_137_part_104,test,ok,30
test_td_Subj_137_part_105,test,ok,30
test_td_Subj_137_part_106,test,ok,30
test_td_Subj_137_part_107,test,ok,30
test_td_Subj_137_part_108,test,ok,30
test_td_Subj_137_part_109,test,ok,30
test_td_Subj_137_part_11,test,ok,30
test_td_Subj_137_part_110,test,ok,30
test_td_Subj_137_part_111,test,ok,30
test_td_Subj_137_part_112,test,ok,30
test_td_Subj_137_part_113,test,ok,30
test_td_Subj_137_part_114,test,ok,30
test_td_Subj_137_part_115,test,ok,30
test_td_Subj_137_part_116,test,ok,30
test_td_Subj_138_part_1,test,ok,30
test_td_Subj_138_part_10,test,ok,30
test_td_Subj_138_part_100,test,ok,30
test_td_Subj_138_part_101,test,ok,30
test_td_Subj_138_part_102,test,ok,30
test_td_Subj_138_part_103,test,ok,30
test_td_Subj_138_part_104,test,ok,30
test_td_Subj_138_part_105,test,ok,30
test_td_Subj_138_part_106,test,ok,30
test_td_Subj_138_part_107,test,ok,30
test_td_Subj_138_part_108,test,ok,30
test_td_Subj_138_part_109,test,ok,30
test_td_Subj_138_part_11,test,ok,30
test_td_Subj_138_part_110,test,ok,30
test_td_Subj_138_part_111,test,ok,30
test_td_Subj_138_part_112,test,ok,30
test_td_Subj_138_part_113,test,ok,30
test_td_Subj_138_part_114,test,ok,30
test_td_Subj_138_part_115,test,ok,30
test_td_Subj_138_part_116,test,ok,30
test_td_Subj_139_part_1,test,ok,30
test_td_Subj_139_part_10,test,ok,30
test_td_Subj_139_part_100,test,ok,30
test_td_Subj_139_part_101,test,ok,30
test_td_Subj_139_part_102,test,ok,30
test_td_Subj_139_part_103,test,ok,30
test_td_Subj_139_part_104,test,ok,30
test_td_Subj_139_part_105,test,ok,30
test_td_Subj_139_part_106,test,ok,30
test_td_Subj_139_part_107,test,ok,30
test_td_Subj_139_part_108,test,ok,30
test_td_Subj_139_part_109,test,ok,30
test_td_Subj_139_part_11,test,ok,30
test_td_Subj_139_part_110,test,ok,30
test_td_Subj_139_part_111,test,ok,30
test_td_Subj_139_part_112,test,ok,30
test_td_Subj_139_part_113,test,ok,30
test_td_Subj_139_part_114,test,ok,30
test_td_Subj_139_part_115,test,ok,30
test_td_Subj_139_part_116,test,ok,30
test_td_Subj_140_part_1,test,ok,30
test_td_Subj_140_part_10,test,ok,30
test_td_Subj_140_part_100,test,ok,30
test_td_Subj_140_part_101,test,ok,30
test_td_Subj_140_part_102,test,ok,30
test_td_Subj_140_part_103,test,ok,30
test_td_Subj_140_part_104,test,ok,30
test_td_Subj_140_part_105,test,ok,30
test_td_Subj_140_part_106,test,ok,30
test_td_Subj_140_part_107,test,ok,30
test_td_Subj_140_part_108,test,ok,30
test_td_Subj_140_part_109,test,ok,30
test_td_Subj_140_part_11,test,ok,30
test_td_Subj_140_part_110,test,ok,30
test_td_Subj_140_part_111,test,ok,30
test_td_Subj_140_part_112,test,ok,30
test_td_Subj_140_part_113,test,ok,30
test_td_Subj_140_part_114,test,ok,30
test_td_Subj_140_part_115,test,ok,30
test_td_Subj_140_part_116,test,ok,30
test_td_Subj_141_part_1,test,ok,30
test_td_Subj_141_part_10,test,ok,30
test_td_Subj_141_part_100,test,ok,30
test_td_Subj_141_part_101,test,ok,30
test_td_Subj_141_part_102,test,ok,30
test_td_Subj_141_part_103,test,ok,30
test_td_Subj_141_part_104,test,ok,30
test_td_Subj_141_part_105,test,ok,30
test_td_Subj_141_part_106,test,ok,30
test_td_Subj_141_part_107,test,ok,30
test_td_Subj_141_part_108,test,ok,30
test_td_Subj_141_part_109,test,ok,30
test_td_Subj_141_part_11,test,ok,30
test_td_Subj_141_part_110,test,ok,30
test_td_Subj_141_part_111,test,ok,30
test_td_Subj_141_part_112,test,ok,30
test_td_Subj_141_part_113,test,ok,30
test_td_Subj_141_part_114,test,ok,30
test_td_Subj_141_part_115,test,ok,30
test_td_Subj_141_part_116,test,ok,30
test_td_Subj_142_part_1,test,ok,30
test_td_Subj_142_part_10,test,ok,30
test_td_Subj_142_part_100,test,ok,30
test_td_Subj_142_part_101,test,ok,30
test_td_Subj_142_part_102,test,ok,30
test_td_Subj_142_part_103,test,ok,30
test_td_Subj_142_part_104,test,ok,30
test_td_Subj_142_part_105,test,ok,30
test_td_Subj_142_part_106,test,ok,30
test_td_Subj_142_part_107,test,ok,30
test_td_Subj_142_part_108,test,ok,30
test_td_Subj_142_part_109,test,ok,30
test_td_Subj_142_part_11,test,ok,30
test_td_Subj_142_part_110,test,ok,30
test_td_Subj_142_part_111,test,ok,30
test_td_Subj_142_part_112,test,ok,30
test_td_Subj_142_part_113,test,ok,30
test_td_Subj_142_part_114,test,ok,30
test_td_Subj_142_part_115,test,ok,30
test_td_Subj_142_part_116,test,ok,30
test_td_Subj_143_part_1,test,ok,30
test_td_Subj_143_part_10,test,ok,30
test_td_Subj_143_part_100,test,ok,30
test_td_Subj_143_part_101,test,ok,30
test_td_Subj_143_part_102,test,ok,30
test_td_Subj_143_part_103,test,ok,30
test_td_Subj_143_part_104,test,ok,30
test_td_Subj_143_part_105,test,ok,30
test_td_Subj_143_part_106,test,ok,30
test_td_Subj_143_part_107,test,ok,30
test_td_Subj_143_part_108,test,ok,30
test_td_Subj_143_part_109,test,ok,30
test_td_Subj_143_part_11,test,ok,30
test_td_Subj_143_part_110,test,ok,30
test_td_Subj_143_part_111,test,ok,30
test_td_Subj_143_part_112,test,ok,30
test_td_Subj_143_part_113,test,ok,30
test_td_Subj_143_part_114,test,ok,30
test_td_Subj_143_part_115,test,ok,30
test_td_Subj_143_part_116,test,ok,30
test_td_Subj_144_part_1,test,ok,30
test_td_Subj_144_part_10,test,ok,30
test_td_Subj_144_part_100,test,ok,30
test_td_Subj_144_part_101,test,ok,30
test_td_Subj_144_part_102,test,ok,30
test_td_Subj_144_part_103,test,ok,30
test_td_Subj_144_part_104,test,ok,30
test_td_Subj_144_part_105,test,ok,30
test_td_Subj_144_part_106,test,ok,30
test_td_Subj_144_part_107,test,ok,30
test_td_Subj_144_part_108,test,ok,30
test_td_Subj_144_part_109,test,ok,30
test_td_Subj_144_part_11,test,ok,30
test_td_Subj_144_part_110,test,ok,30
test_td_Subj_144_part_111,test,ok,30
test_td_Subj_144_part_112,test,ok,30
test_td_Subj_144_part_113,test,ok,30
test_td_Subj_144_part_114,test,ok,30
test_td_Subj_144_part_115,test,ok,30
test_td_Subj_144_part_116,test,ok,30
test_td_Subj_145_part_1,test,ok,30
test_td_Subj_145_part_10,test,ok,30
test_td_Subj_145_part_100,test,ok,30
test_td_Subj_145_part_101,test,ok,30
test_td_Subj_145_part_102,test,ok,30
test_td_Subj_145_part_103,test,ok,30
test_td_Subj_145_part_104,test,ok,30
test_td_Subj_145_part_105,test,ok,30
test_td_Subj_145_part_106,test,ok,30
test_td_Subj_145_part_107,test,ok,30
test_td_Subj_145_part_108,test,ok,30
test_td_Subj_145_part_109,test,ok,30
test_td_Subj_145_part_11,test,ok,30
test_td_Subj_145_part_110,test,ok,30
test_td_Subj_145_part_111,test,ok,30
test_td_Subj_145_part_112,test,ok,30
test_td_Subj_145_part_113,test,ok,30
test_td_Subj_145_part_114,test,ok,30
test_td_Subj_145_part_115,test,ok,30
test_td_Subj_145_part_116,test,ok,30
test_td_Subj_146_part_1,test,ok,30
test_td_Subj_146_part_10,test,ok,30
test_td_Subj_146_part_100,test,ok,30
test_td_Subj_146_part_101,test,ok,30
test_td_Subj_146_part_102,test,ok,30
test_td_Subj_146_part_103,test,ok,30
test_td_Subj_146_part_104,test,ok,30
test_td_Subj_146_part_105,test,ok,30
test_td_Subj_146_part_106,test,ok,30
test_td_Subj_146_part_107,test,ok,30
test_td_Subj_146_part_108,test,ok,30
test_td_Subj_146_part_109,test,ok,30
test_td_Subj_146_part_11,test,ok,30
test_td_Subj_146_part_110,test,ok,30
test_td_Subj_146_part_111,test,ok,30
test_td_Subj_146_part_112,test,ok,30
test_td_Subj_146_part_113,test,ok,30
test_td_Subj_146_part_114,test,ok,30
test_td_Subj_146_part_115,test,ok,30
test_td_Subj_146_part_116,test,ok,30
test_td_Subj_147_part_1,test,ok,30
test_td_Subj_147_part_10,test,ok,30
test_td_Subj_147_part_100,test,ok,30
test_td_Subj_147_part_101,test,ok,30
test_td_Subj_147_part_102,test,ok,30
test_td_Subj_147_part_103,test,ok,30
test_td_Subj_147_part_104,test,ok,30
test_td_Subj_147_part_105,test,ok,30
test_td_Subj_147_part_106,test,ok,30
test_td_Subj_147_part_107,test,ok,30
test_td_Subj_147_part_108,test,ok,30
test_td_Subj_147_part_109,test,ok,30
test_td_Subj_147_part_11,test,ok,30
test_td_Subj_147_part_110,test,ok,30
test_td_Subj_147_part_111,test,ok,30
test_td_Subj_147_part_112,test,ok,30
test_td_Subj_147_part_113,test,ok,30
test_td_Subj_147_part_114,test,ok,30
test_td_Subj_147_part_115,test,ok,30
test_td_Subj_147_part_116,test,ok,30
test_td_Subj_148_part_1,test,ok,30
test_td_Subj_148_part_10,test,ok,30
test_td_Subj_148_part_100,test,ok,30
test_td_Subj_148_part_101,test,ok,30
test_td_Subj_148_part_102,test,ok,30
test_td_Subj_148_part_103,test,ok,30
test_td_Subj_148_part_104,test,ok,30
test_td_Subj_148_part_105,test,ok,30
test_td_Subj_148_part_106,test,ok,30
test_td_Subj_148_part_107,test,ok,30
test_td_Subj_148_part_108,test,ok,30
test_td_Subj_148_part_109,test,ok,30
test_td_Subj_148_part_11,test,ok,30
test_td_Subj_148_part_110,test,ok,30
test_td_Subj_148_part_111,test,ok,30
test_td_Subj_148_part_112,test,ok,30
test_td_Subj_148_part_113,test,ok,30
test_td_Subj_148_part_114,test,ok,30
test_td_Subj_148_part_115,test,ok,30
test_td_Subj_148_part_116,test,ok,30
test_td_Subj_149_part_1,test,ok,30
test_td_Subj_149_part_10,test,ok,30
test_td_Subj_149_part_100,test,ok,30
test_td_Subj_149_part_101,test,ok,30
test_td_Subj_149_part_102,test,ok,30
test_td_Subj_149_part_103,test,ok,30
test_td_Subj_149_part_104,test,ok,30
test_td_Subj_149_part_105,test,ok,30
test_td_Subj_149_part_106,test,ok,30
test_td_Subj_149_part_107,test,ok,30
test_td_Subj_149_part_108,test,ok,30
test_td_Subj_149_part_109,test,ok,30
test_td_Subj_149_part_11,test,ok,30
test_td_Subj_149_part_110,test,ok,30
test_td_Subj_149_part_111,test,ok,30
test_td_Subj_149_part_112,test,ok,30
test_td_Subj_149_part_113,test,ok,30
test_td_Subj_149_part_114,test,ok,30
test_td_Subj_149_part_115,test,ok,30
test_td_Subj_149_part_116,test,ok,30
test_td_Subj_150_part_1,test,ok,30
test_td_Subj_150_part_10,test,ok,30
test_td_Subj_150_part_100,test,ok,30
test_td_Subj_150_part_101,test,ok,30
test_td_Subj_150_part_102,test,ok,30
test_td_Subj_150_part_103,test,ok,30
test_td_Subj_150_part_104,test,ok,30
test_td_Subj_150_part_105,test,ok,30
test_td_Subj_150_part_106,test,ok,30
test_td_Subj_150_part_107,test,ok,30
test_td_Subj_150_part_108,test,ok,30
test_td_Subj_150_part_109,test,ok,30
test_td_Subj_150_part_11,test,ok,30
test_td_Subj_150_part_110,test,ok,30
test_td_Subj_150_part_111,test,ok,30
test_td_Subj_150_part_112,test,ok,30
test_td_Subj_150_part_113,test,ok,30
test_td_Subj_150_part_114,test,ok,30
test_td_Subj_150_part_115,test,ok,30
test_td_Subj_150_part_116,test,ok,30
test_td_Subj_151_part_1,test,ok,30
test_td_Subj_151_part_10,test,ok,30
test_td_Subj_151_part_100,test,ok,30
test_td_Subj_151_part_101,test,ok,30
test_td_Subj_151_part_102,test,ok,30
test_td_Subj_151_part_103,test,ok,30
test_td_Subj_151_part_104,test,ok,30
test_td_Subj_151_part_105,test,ok,30
test_td_Subj_151_part_106,test,ok,30
test_td_Subj_151_part_107,test,ok,30
test_td_Subj_151_part_108,test,ok,30
test_td_Subj_151_part_109,test,ok,30
test_td_Subj_151_part_11,test,ok,30
test_td_Subj_151_part_110,test,ok,30
test_td_Subj_151_part_111,test,ok,30
test_td_Subj_151_part_112,test,ok,30
test_td_Subj_151_part_113,test,ok,30
test_td_Subj_151_part_114,test,ok,30
test_td_Subj_151_part_115,test,ok,30
test_td_Subj_151_part_116,test,ok,30
test_td_Subj_152_part_1,test,ok,30
test_td_Subj_152_part_10,test,ok,30
test_td_Subj_152_part_100,test,ok,30
test_td_Subj_152_part_101,test,ok,30
test_td_Subj_152_part_102,test,ok,30
test_td_Subj_152_part_103,test,ok,30
test_td_Subj_152_part_104,test,ok,30
test_td_Subj_152_part_105,test,ok,30
test_td_Subj_152_part_106,test,ok,30
test_td_Subj_152_part_107,test,ok,30
test_td_Subj_152_part_108,test,ok,30
test_td_Subj_152_part_109,test,ok,30
test_td_Subj_152_part_11,test,ok,30
test_td_Subj_152_part_110,test,ok,30
test_td_Subj_152_part_111,test,ok,30
test_td_Subj_152_part_112,test,ok,30
test_td_Subj_152_part_113,test,ok,30
test_td_Subj_152_part_114,test,ok,30
test_td_Subj_152_part_115,test,ok,30
test_td_Subj_152_part_116,test,ok,30
test_td_Subj_153_part_1,test,ok,30
test_td_Subj_153_part_10,test,ok,30
test_td_Subj_153_part_100,test,ok,30
test_td_Subj_153_part_101,test,ok,30
test_td_Subj_153_part_102,test,ok,30
test_td_Subj_153_part_103,test,ok,30
test_td_Subj_153_part_104,test,ok,30
test_td_Subj_153_part_105,test,ok,30
test_td_Subj_153_part_106,test,ok,30
test_td_Subj_153_part_107,test,ok,30
test_td_Subj_153_part_108,test,ok,30
test_td_Subj_153_part_109,test,ok,30
test_td_Subj_153_part_11,test,ok,30
test_td_Subj_153_part_110,test,ok,30
test_td_Subj_153_part_111,test,ok,30
test_td_Subj_153_part_112,test,ok,30
test_td_Subj_153_part_113,test,ok,30
test_td_Subj_153_part_114,test,ok,30
test_td_Subj_153_part_115,test,ok,30
test_td_Subj_153_part_116,test,ok,30
test_td_Subj_154_part_1,test,ok,30
test_td_Subj_154_part_10,test,ok,30
test_td_Subj_154_part_100,test,ok,30
test_td_Subj_154_part_101,test,ok,30
test_td_Subj_154_part_102,test,ok,30
test_td_Subj_154_part_103,test,ok,30
test_td_Subj_154_part_104,test,ok,30
test_td_Subj_154_part_105,test,ok,30
test_td_Subj_154_part_106,test,ok,30
test_td_Subj_154_part_107,test,ok,30
test_td_Subj_154_part_108,test,ok,30
test_td_Subj_154_part_109,test,ok,30
test_td_Subj_154_part_11,test,ok,30
test_td_Subj_154_part_110,test,ok,30
test_td_Subj_154_part_111,test,ok,30
test_td_Subj_154_part_112,test,ok,30
test_td_Subj_154_part_113,test,ok,30
test_td_Subj_154_part_114,test,ok,30
test_td_Subj_154_part_115,test,ok,30
test_td_Subj_154_part_116,test,ok,30
test_td_Subj_155_part_1,test,ok,30
test_td_Subj_155_part_10,test,ok,30
test_td_Subj_155_part_100,test,ok,30
test_td_Subj_155_part_101,test,ok,30
test_td_Subj_155_part_102,test,ok,30
test_td_Subj_155_part_103,test,ok,30
test_td_Subj_155_part_104,test,ok,30
test_td_Subj_155_part_105,test,ok,30
test_td_Subj_155_part_106,test,ok,30
test_td_Subj_155_part_107,test,ok,30
test_td_Subj_155_part_108,test,ok,30
test_td_Subj_155_part_109,test,ok,30
test_td_Subj_155_part_11,test,ok,30
test_td_Subj_155_part_110,test,ok,30
test_td_Subj_155_part_111,test,ok,30
test_td_Subj_155_part_112,test,ok,30
test_td_Subj_155_part_113,test,ok,30
test_td_Subj_155_part_114,test,ok,30
test_td_Subj_155_part_115,test,ok,30
test_td_Subj_155_part_116,test,ok,30
test_td_Subj_156_part_1,test,ok,30
test_td_Subj_156_part_10,test,ok,30
test_td_Subj_156_part_100,test,ok,30
test_td_Subj_156_part_101,test,ok,30
test_td_Subj_156_part_102,test,ok,30
test_td_Subj_156_part_103,test,ok,30
test_td_Subj_156_part_104,test,ok,30
test_td_Subj_156_part_105,test,ok,30
test_td_Subj_156_part_106,test,ok,30
test_td_Subj_156_part_107,test,ok,30
test_td_Subj_156_part_109,test,ok,30
test_td_Subj_156_part_11,test,ok,30
test_td_Subj_156_part_110,test,ok,30
test_td_Subj_156_part_111,test,ok,30
test_td_Subj_156_part_112,test,ok,30
test_td_Subj_156_part_113,test,ok,30
test_td_Subj_156_part_114,test,ok,30
test_td_Subj_156_part_115,test,ok,30
test_td_Subj_156_part_116,test,ok,30
test_td_Subj_156_part_117,test,ok,30
test_td_Subj_157_part_1,test,ok,30
test_td_Subj_157_part_10,test,ok,30
test_td_Subj_157_part_100,test,ok,30
test_td_Subj_157_part_101,test,ok,30
test_td_Subj_157_part_102,test,ok,30
test_td_Subj_157_part_103,test,ok,30
test_td_Subj_157_part_104,test,ok,30
test_td_Subj_157_part_105,test,ok,30
test_td_Subj_157_part_106,test,ok,30
test_td_Subj_157_part_107,test,ok,30
test_td_Subj_157_part_108,test,ok,30
test_td_Subj_157_part_109,test,ok,30
test_td_Subj_157_part_11,test,ok,30
test_td_Subj_157_part_110,test,ok,30
test_td_Subj_157_part_111,test,ok,30
test_td_Subj_157_part_112,test,ok,30
test_td_Subj_157_part_113,test,ok,30
test_td_Subj_157_part_114,test,ok,30
test_td_Subj_157_part_115,test,ok,30
test_td_Subj_157_part_116,test,ok,30
test_td_Subj_158_part_1,test,ok,30
test_td_Subj_158_part_10,test,ok,30
test_td_Subj_158_part_100,test,ok,30
test_td_Subj_158_part_101,test,ok,30
test_td_Subj_158_part_102,test,ok,30
test_td_Subj_158_part_103,test,ok,30
test_td_Subj_158_part_104,test,ok,30
test_td_Subj_158_part_105,test,ok,30
test_td_Subj_158_part_106,test,ok,30
test_td_Subj_158_part_107,test,ok,30
test_td_Subj_158_part_108,test,ok,30
test_td_Subj_158_part_109,test,ok,30
test_td_Subj_158_part_11,test,ok,30
test_td_Subj_158_part_110,test,ok,30
test_td_Subj_158_part_111,test,ok,30
test_td_Subj_158_part_112,test,ok,30
test_td_Subj_158_part_113,test,ok,30
test_td_Subj_158_part_114,test,ok,30
test_td_Subj_158_part_115,test,ok,30
test_td_Subj_158_part_116,test,ok,30
test_td_Subj_159_part_1,test,ok,30
test_td_Subj_159_part_10,test,ok,30
test_td_Subj_159_part_100,test,ok,30
test_td_Subj_159_part_101,test,ok,30
test_td_Subj_159_part_102,test,ok,30
test_td_Subj_159_part_103,test,ok,30
test_td_Subj_159_part_104,test,ok,30
test_td_Subj_159_part_105,test,ok,30
test_td_Subj_159_part_106,test,ok,30
test_td_Subj_159_part_107,test,ok,30
test_td_Subj_159_part_108,test,ok,30
test_td_Subj_159_part_109,test,ok,30
test_td_Subj_159_part_11,test,ok,30
test_td_Subj_159_part_110,test,ok,30
test_td_Subj_159_part_111,test,ok,30
test_td_Subj_159_part_112,test,ok,30
test_td_Subj_159_part_113,test,ok,30
test_td_Subj_159_part_114,test,ok,30
test_td_Subj_159_part_115,test,ok,30
test_td_Subj_159_part_116,test,ok,30
test_td_Subj_160_part_1,test,ok,30
test_td_Subj_160_part_10,test,ok,30
test_td_Subj_160_part_100,test,ok,30
test_td_Subj_160_part_101,test,ok,30
test_td_Subj_160_part_102,test,ok,30
test_td_Subj_160_part_103,test,ok,30
test_td_Subj_160_part_104,test,ok,30
test_td_Subj_160_part_105,test,ok,30
test_td_Subj_160_part_106,test,ok,30
test_td_Subj_160_part_107,test,ok,30
test_td_Subj_160_part_108,test,ok,30
test_td_Subj_160_part_109,test,ok,30
test_td_Subj_160_part_11,test,ok,30
test_td_Subj_160_part_110,test,ok,30
test_td_Subj_160_part_111,test,ok,30
test_td_Subj_160_part_112,test,ok,30
test_td_Subj_160_part_113,test,ok,30
test_td_Subj_160_part_114,test,ok,30
test_td_Subj_160_part_115,test,ok,30
test_td_Subj_160_part_116,test,ok,30
